Column 1,ุฌูุณุช ุฎูุฏ ุฑุง ูุงุฑุฏ ฺฉูุฏ,ุณู ุฎูุฏ ุฑุง ูุงุฑุฏ ฺฉูุฏ (ูุทูุง ุงุฒ ุงุนุฏุงุฏ ุงูฺฏูุณ ุงุณุชูุงุฏู ฺฉูุฏ),ุขุฎุฑู ูุฏุฑฺฉ ุชุญุตู ู ุง ูพุงู ุชุญุตู ุฎูุฏ ุฑุง ูุงุฑุฏ ฺฉูุฏ,ุดูุฑ ุฎูุฏ ุฑุง ูุงุฑุฏ ฺฉูุฏ,ุฏุฑุขูุฏ ุฎุงููุงุฏฺฏ ุดูุง ูุงูุงูู ุฏุฑ ฺฉุฏุงู ุฑูุฌ ุงุณุชุ,ุชุนุฏุงุฏ ุงุนุถุง ุฎุงููุงุฏู ุดูุง ฺูุฏ ููุฑ ุงุณุชุ(ูุทูุง ุงุฒ ุงุนุฏุงุฏ ุงูฺฏูุณ ุงุณุชูุงุฏู ฺฉูุฏ),ูุฏุฑฺฉ ุชุญุตู ูุงุฏุฑ,ูุฏุฑฺฉ ุชุญุตู ูพุฏุฑ,ููุน ูุฏุฑุณูโ ุฏูุฑู ูุชูุณุทู ุงูู ุฎูุฏ ุฑุง ูุงุฑุฏ ฺฉูุฏ,ููุน ูุฏุฑุณูโ ุฏูุฑู ูุชูุณุทู ุฏูู ุฎูุฏ ุฑุง ูุงุฑุฏ ฺฉูุฏ,ุฏุฑ ฺู ุฑุดุชู ุง ุชุญุตู ู ฺฉูุฏุ ( ุฑุดุชู ุฏุงูุดฺฏุงู ุฎูุฏ ุฑุง ุจู ุตูุฑุช ุฏุณุช ูุงุฑุฏ ฺฉูุฏ),ฺุฑุง ุฑุดุชู ูุนู ุฎูุฏ ุฑุง ุงูุชุฎุงุจ ฺฉุฑุฏุฏุ ( ูโุชูุงูุฏ ฺูุฏ ฺฏุฒูู ุฑุง ุงูุชุฎุงุจ ฺฉูุฏ),ุขุง ุงุฒ ุฑุดุชู ุฎูุฏ ุฑุถุงุช ุฏุงุฑุฏุ,ุขุง ุงุญุณุงุณ ูโฺฉูุฏ ุฑุดุชู ูุนู ุจุง ุนูุงูู ู ุชูุงูุง ุดูุง ููุฎูุงู ุฏุงุฑุฏุ,ุขุง ูโุฎูุงูุฏ ุฏุฑ ููู ุฑุดุชู ุงุฏุงูู ุชุญุตู ุฏูุฏุ,ฺู ุนูุงูู ุฏุฑ ฺฉูุงุณ (ูุฏุฑุณู ุง ุฏุงูุดฺฏุงู) ุจุงุนุซ ุฑุถุงุช ู ุงูฺฏุฒู ุดูุง  ูโุดูุฏุ ( ูโุชูุงูุฏ ฺูุฏ ฺฏุฒูู ุฑุง ุงูุชุฎุงุจ ฺฉูุฏ),  ุฏุฑ ฑฐ ุณุงู ุขูุฏูุ ฺฉุฏุงู ฺฉ ุงุฒ ุงูุฏุงู ุฒุฑ ุจุฑุง ุดูุง ุงูููุช ุจุดุชุฑ ุฏุงุฑุฏุ  ,ุขุง ุดูุง ุจู ููุงุจุน ุขููุฒุด ุจุง ฺฉูุช ุฏุณุชุฑุณ ุฏุงุฑุฏุ,ุชูุฑุญุงุช ูุนููู ุฎูุฏ ุฏุฑ ุฑูุฒูุง ุชุนุทู ุฑุง ุงูุชุฎุงุจ ฺฉูุฏ  ( ูโุชูุงูุฏ ฺูุฏ ฺฏุฒูู ุฑุง ุงูุชุฎุงุจ ฺฉูุฏ),ููุช ุจุง ูุณุฆููโุง ูพฺุฏู ุฑูุจุฑู ูโุดููุ ุฏูุณุช ุฏุงุฑู ุฑูุดโูุง ุฎูุงูุงูู ู ุบุฑูุนููู ุงูุชุญุงู ฺฉูู.,ุงุฒ ุงูุชุญุงู ฺฉุฑุฏู ฺุฒูุง ฺฉุงููุงู ุฌุฏุฏ ู ูุชูุงูุช ูุฐุช ูโุจุฑู.,ุฏูุณุช ุฏุงุฑู ููุงุฑุชโูุง ุฎูุงูุงูู ู ูุฑุชุจุท ุจุง ุนูุงููโูุงู ุฑุง ุชูุณุนู ุฏูู.,ุฏุฑ ูพุฑูฺูโูุง ุง ูุนุงูุชโูุง ุฑูุฒูุฑูุ ุณุน ูโฺฉูู ุฑุงูโุญูโูุง ููุขูุฑุงูู ูพุฏุง ฺฉูู.,ุชุฑฺฉุจ ุชุฌุฑุจุงุช ุฌุฏุฏ ุจุง ุฑูุดโูุง ูุจู ุจุฑุงู ุฌุฐุงุจ ุงุณุช.,ููุช ฺฉุงุฑ ุทููุงู ุง ุณุฎุช ุฏุงุฑูุ ุจุง ุจุฑูุงููโุฑุฒ ู ูุธู ูพุด ูโุฑูู ุชุง ูููู ุดูู.,ฺฉุงุฑูุง ุฑุง ุงูููุชโุจูุฏ ูโฺฉูู ู ูุฑุญูู ุจู ูุฑุญูู ุงูุฌุงู ูโุฏูู.,ููุช ุฒูุงู ุง ููุงุจุน ูุญุฏูุฏ ุงุณุชุ ุชูุฑฺฉุฒ ุฎูุฏ ุฑุง ุญูุธ ูโฺฉูู ู ุณุฑุน ุชุตูู ูโฺฏุฑู.,ุฏูุณุช ุฏุงุฑู ูุธุงู ู ูพุฑูฺูโูุงู ุณุงุฒูุงูุฏู ุดุฏู ุจุงุดูุฏ.,ุฑุนุงุช ููุงููุ ุฏุณุชูุฑุงูุนููโูุง ู ฺุงุฑฺูุจโูุง ุจุฑุงู ููู ุงุณุช.,ุฏุฑ ุฌูุน ุงุฒ ุงูุฑุงุฏ ุฌุฏุฏ ุจู ุฑุงุญุช ุดุฑูุน ุจู ุตุญุจุช ู ุงุฑุชุจุงุท ูโฺฉูู.,ุฏูุณุช ุฏุงุฑู ุฏุฑ ุฌูุน ุฏฺฏุฑุงู ููุด ูุนุงู ุฏุงุดุชู ุจุงุดู.,ุจุฑูุฑุงุฑ ุงุฑุชุจุงุท ู ุชุนุงูู ุจุง ุงูุฑุงุฏ ุฌุฏุฏ ุจุฑุงู ุขุณุงู ุงุณุช.,ุชุฑุฌุญ ูโุฏูู ุงุฏูโูุงู ุฑุง ุจุง ุฏฺฏุฑุงู ุจู ุงุดุชุฑุงฺฉ ุจฺฏุฐุงุฑู.,ุฏูุณุช ุฏุงุฑู ุชูุฌู ู ุงูุฑฺ ุฌูุน ุฑุง ุฏุฑ ูุนุงูุชโูุง ฺฏุฑูู ุชุฌุฑุจู ฺฉูู.,ุฏุฑ ุฌูุน ุง ฺฉุงุฑ ฺฏุฑููุ ุจุดุชุฑ ุจู ุงุฌุงุฏ ููุงููฺฏ ู ุญูุงุช ุงุฒ ุฏฺฏุฑุงู ุชูุฌู ูโฺฉูู.,ฺฉูฺฉ ู ุญูุงุช ุฏฺฏุฑุงู ุจุฑุงู ููู ุงุณุช ู ุณุน ูโฺฉูู ููฺฉุงุฑ ุฎูุจ ุฏุงุดุชู ุจุงุดู.,ููุช ฺฉุณ ูุงุฒ ุจู ฺฉูฺฉ ุฏุงุฑุฏุ ุขูุงุฏู ููฺฉุงุฑ ู ููุฑุงู ูุณุชู.,ุณุน ูโฺฉูู ุฑูุงุจุท ุฏูุณุชุงูู ู ุตูู ุจุง ุงุทุฑุงูุงู ุฏุงุดุชู ุจุงุดู.,ุฏุฑ ูููุนุชโูุง ฺฏุฑููุ ุจุดุชุฑ ุจู ุงุญุณุงุณ ู ูุงุฒ ุฏฺฏุฑุงู ุชูุฌู ูโฺฉูู.,ููุช ุดุฑุงุท ูุงฺฏูุงู ุชุบุฑ ูโฺฉูุฏุ ูโุชูุงูู ุณุฑุน ุฎูุฏู ุฑุง ุจุง ูุถุนุช ุฌุฏุฏ ุณุงุฒฺฏุงุฑ ฺฉูู.,ููุช ุชุญุช ูุดุงุฑ ูุณุชูุ ุณุน ูโฺฉูู ุขุฑุงูุด ู ุชูุฑฺฉุฒ ุฎูุฏ ุฑุง ุญูุธ ฺฉูู.,ุชุบุฑุงุช ุบุฑููุชุธุฑู ุจุงุนุซ ููโุดูุฏ ฺฉูุชุฑู ุฎูุฏู ุฑุง ุงุฒ ุฏุณุช ุจุฏูู.,ููุช ฺฉุงุฑูุง ุฏุดูุงุฑ ุง ุทููุงู ูโุดูุฏุ ูโุชูุงูู ูุดุงุฑ ู ุงุณุชุฑุณ ุฑุง ูุฏุฑุช ฺฉูู.,ุชูุงูุง ุญูุธ ุขุฑุงูุด ุฏุฑ ุดุฑุงุท ูพุฑุชูุด ุฑุง ุฏุงุฑู.,ููุช ฺุฒ ุฏุฑ ุฎุงูู ุฎุฑุงุจ ูโุดูุฏุ ุชุฑุฌุญ ูโุฏูู ุฎูุฏู ุขู ุฑุง ุชุนูุฑ ฺฉูู.,ุฏูุณุช ุฏุงุฑู ุฏุฑ ฺฉุงุฑูุง ุนูู ูุซู ุณุงุฎุชู ุง ุฌูุน ฺฉุฑุฏู ูุณุงู ุดุฑฺฉุช ฺฉูู.,ููุช ูุฑุตุช ุจุฑุง ุงุฏฺฏุฑ ฺฉ ููุงุฑุช ูู ุฌุฏุฏ ุฏุงุฑูุ ุชุฑุฌุญ ูโุฏูู ุขู ุฑุง ุฎูุฏู ุนูู ุงูุฌุงู ุฏูู.,ุนูุงูู ุฏุงุฑู ูุนุงูุชโูุง ุงูุฌุงู ุฏูู ฺฉู ูุชุฌู ููููุณ ู ูุงุจู ุฏุฏู ุฏุงุดุชู ุจุงุดุฏ.,ููุช ูพุฑูฺูโุง ูุงุฒ ุจู ูุนุงูุชโูุง ุฏุณุช ุฏุงุฑุฏุ ุชุฑุฌุญ ูโุฏูู ุฎูุฏู ุขู ุฑุง ุงุฌุฑุง ฺฉูู.,ุฏุฑ ฺฉุงุฑูุง ุฑูุฒูุฑูุ ุงูุฌุงู ฺฉุงุฑูุง ุนูู ู ฺฉุงุฑุจุฑุฏ ุฑุง ุจุดุชุฑ ุฏูุณุช ุฏุงุฑู.,ููุช ุจุง ูุณุฆููโุง ูพฺุฏู ุฑูุจุฑู ูโุดููุ ุฏูุณุช ุฏุงุฑู ุขู ุฑุง ุชุญูู ฺฉูู ู ุฑุงูโุญู ููุทู ูพุฏุง ฺฉูู.,ูุทุงูุนู ู ุจุฑุฑุณ ุนูู ุฏุงุฏูโูุง ู ุงุทูุงุนุงุช ุจุฑุงู ุฌุฐุงุจ ุงุณุช.,ุญู ูุนูุง ุง ูุณุงุฆู ุชุญูู ุฑูุฒูุฑู ุจุฑุงู ุณุฑฺฏุฑูโฺฉููุฏู ู ฺุงูุดโุจุฑุงูฺฏุฒ ุงุณุช.,ููุช ูโุฎูุงูู ุชุตูู ุจฺฏุฑูุ ุชุฑุฌุญ ูโุฏูู ุจุง ุชุญูู ุฏูู ู ุจุฑุฑุณ ุดูุงูุฏ ุนูู ฺฉูู.,ุฏูุณุช ุฏุงุฑู ุงุทูุงุนุงุช ุฌุฏุฏ ุฑุง ุฌูุนโุขูุฑ ู ุชุญูู ฺฉูู ุชุง ุจู ูุชุฌู ุนูู ุจุฑุณู.,ฺฉุงุฑูุง ูฺฉุฑ ู ุชุญููุงุช ฺฉู ูุงุฒ ุจู ุฏูุช ู ุชูุฑฺฉุฒ ุฏุงุฑุฏ ุฑุง ุฏูุณุช ุฏุงุฑู.,ููุช ูุฑุตุช ุจุฑุง ุฎูู ฺุฒ ูุซู ููุงุดุ ููุณู ุง ููุดุชู ุฏุงุฑูุ ุขู ุฑุง ุฏูุณุช ุฏุงุฑู.,ุทุฑุงุญ ุง ุงุฏูโูพุฑุฏุงุฒ ุจุฑุง ูพุฑูฺูโูุง ุฌุฏุฏ ุจุฑุงู ุฌุฐุงุจ ุงุณุช.,ุฏูุณุช ุฏุงุฑู ุฑูุดโูุง ุฎูุงูุงููโุง ุจุฑุง ุงูุฌุงู ฺฉุงุฑูุง ุฑูุฒูุฑู ูพุฏุง ฺฉูู.,ููุช ูุฑุตุช ุจุฑุง ููุขูุฑ ุฏุฑ ฺฉุงุฑ ุง ุฒูุฏฺฏ ุฑูุฒูุฑู ุฏุงุฑูุ ุขู ุฑุง ุงูุชุญุงู ูโฺฉูู.,ุฎูู ุขุซุงุฑ ููุฑ ุง ุจุงู ุฎูุงูุงูู ุงุญุณุงุณุงุช ุจุฑุงู ููู ุงุณุช.,ููุช ูโุฎูุงูู ฺฉ ูพุฑูฺู ุฑุง ุฌุฐุงุจ ู ูุชูุงูุช ฺฉููุ ุฑุงูโุญูโูุง ููุขูุฑุงูู ูพุดููุงุฏ ูโฺฉูู.,ููุช ฺฉ ุงุฒ ุฏูุณุชุงู ุง ููฺฉุงุฑุงู ุจู ฺฉูฺฉ ูุงุฒ ุฏุงุฑุฏุ ุฏูุณุช ุฏุงุฑู ููุฑุงู ฺฉูู.,ุฏุฑ ูุนุงูุชโูุง ฺฏุฑููุ ุญูุงุช ู ููุงููฺฏ ุจุง ุฏฺฏุฑุงู ุจุฑุงู ููู ุงุณุช.,ุฏูุณุช ุฏุงุฑู ุจุง ุฏฺฏุฑุงู ุชุฌุฑุจูโูุง ู ุฏุงูุด ุฎูุฏ ุฑุง ุจู ุงุดุชุฑุงฺฉ ุจฺฏุฐุงุฑู.,ฺฉูฺฉ ุจู ุงูุฑุงุฏ ู ุชุดูู ุขูโูุง ุจุฑุงู ุฑุถุงุชโุจุฎุด ุงุณุช.,ููุช ฺฉุณ ุฏฺุงุฑ ูุดฺฉู ูโุดูุฏุ ุณุน ูโฺฉูู ุฑุงูููุง ฺฉูู ู ุญูุงุช ฺฉูู.,ูุนุงูุชโูุง ฺฉู ูุงุฒ ุจู ููฺฉุงุฑ ู ููุงููฺฏ ฺฏุฑูู ุฏุงุฑุฏ ุฑุง ุฏูุณุช ุฏุงุฑู.,ูุฏุงุช ฺฏุฑูู ุฏุฑ ูพุฑูฺูโูุง ู ุชุตููโฺฏุฑ ุจุฑุงู ุฌุฐุงุจ ุงุณุช.,ุฏูุณุช ุฏุงุฑู ูุณุฆููุช ุณุงุฒูุงูุฏู ฺฉ ูุนุงูุช ุง ุฑูุฏุงุฏ ุฑุง ุจุฑ ุนูุฏู ุจฺฏุฑู.,ููุช ูุฑุตุช ูุฏุฑุช ฺฉ ฺฉุงุฑ ููู ูพุด ูโุขุฏุ ุขู ุฑุง ูุจูู ูโฺฉูู.,ุชุตููโฺฏุฑ ู ุชุนู ูุณุฑ ุฏุฑ ูพุฑูฺูโูุง ุจุฑุงู ุฑุถุงุชโุจุฎุด ุงุณุช.,ููุช ฺฉุงุฑ ฺฏุฑูู ูุงุฒ ุจู ุฑูุจุฑ ุฏุงุฑุฏุ ููุด ูุฏุงุชฺฏุฑ ุฑุง ุฏูุณุช ุฏุงุฑู.,ุณุงุฒูุงูุฏู ู ูุฏุงุช ูุนุงูุชโูุง ุฌูุน ุฑุง ุจุดุชุฑ ุฏูุณุช ุฏุงุฑู.,ุฏูุจุงู ฺฉุฑุฏู ุฏุณุชูุฑุงูุนููโูุง ู ููุงูู ุจุฑุงู ุฑุงุญุช ู ููุทู ุงุณุช.,ุฏูุณุช ุฏุงุฑู ฺฉุงุฑูุง ู ูุนุงูุชโูุงู ุจุฑูุงููโุฑุฒโุดุฏู ู ููุธู ุจุงุดูุฏ.,ุงูุฌุงู ูุธุงู ุฑูุฒูุฑู ุจุง ุฑูุงู ูุดุฎุต ุฑุง ุชุฑุฌุญ ูโุฏูู.,ููุช ฺฉุงุฑ ูุงุฒ ุจู ุฏูุช ู ูพุฑู ุงุฒ ฺุงุฑฺูุจ ุฏุงุฑุฏุ ุขู ุฑุง ุงูุฌุงู ูโุฏูู.,ุซุจุช ุงุทูุงุนุงุช ู ุฑุนุงุช ูุธู ุฏุฑ ฺฉุงุฑูุง ุจุฑุงู ููู ุงุณุช.,ฺฉุงุฑ ฺฉุฑุฏู ุฏุฑ ูุญุท ุจุง ุณุงุฎุชุงุฑ ูุดุฎุต ู ููุงูู ุฑูุดู ุฑุง ุชุฑุฌุญ ูโุฏูู.,ุจู ุฑุงุญุช ูโุชูุงูู ุฑูุชุงุฑ ู ุงุญุณุงุณุงุช ุฎูุฏู ุฑุง ุชุญูู ฺฉูู.,ููุช ุจุง ูุดฺฉู ุดุฎุต ุฑูุจูโุฑู ูโุดููุ ูโุชูุงูู ุงุญุณุงุณุงุชู ุฑุง ูุฏุฑุช ฺฉูู.,ุจู ุฑุงุญุช ูโุชูุงูู ุฑูุชุงุฑ ู ุงุญุณุงุณุงุช ุฎูุฏู ุฑุง ุชุญูู ฺฉูู.,ุฏูุณุช ุฏุงุฑู ุฏุฑุจุงุฑู ุฎูุฏู ู ุงูฺฏุฒูโูุงู ุงุฏ ุจฺฏุฑู.,ุชูุงูุง ุชุนู ุงูุฏุงู ุดุฎุต ู ูพฺฏุฑ ุขูโูุง ุฑุง ุฏุงุฑู.,ูโุชูุงูู ููุงุท ููุช ู ุถุนู ุฎูุฏู ุฑุง ุดูุงุณุง ฺฉูู.,ุจุฑูุงููโุฑุฒ ู ุณุงุฒูุงูุฏู ฺฉุงุฑูุง ุดุฎุต ุจุฑุงู ุขุณุงู ุงุณุช.,ูโุชูุงูู ฺฉ ุณุงุฒ ููุณู ุจููุงุฒู.,ุงุฒ ฺฏูุด ุฏุงุฏู ุจู ููุณู ู ุชุดุฎุต ุฑุชู ู ูููุฏ ูุฐุช ูโุจุฑู.,ูโุชูุงูู ูููุฏโูุง ุง ุขููฺฏโูุง ุฑุง ุจู ุฎุงุทุฑ ุจุณูพุงุฑู ู ุชฺฉุฑุงุฑ ฺฉูู.,ููุดุชู ุง ุงุฌุฑุง ููุณู ุจุฑุงู ุฌุฐุงุจ ุงุณุช.,ุงุฒ ุณุจฺฉโูุง ูุฎุชูู ููุณู ูุฐุช ูโุจุฑู ู ุชูุงูุช ุขูโูุง ุฑุง ุฏุฑฺฉ ูโฺฉูู.,ุขูุงุฒ ุฎูุงูุฏู ุง ููุฑุงู ุจุง ุณุงุฒ ุจุฑุงู ูุฐุชโุจุฎุด ุงุณุช.,ุญู ูุณุงุฆู ููุทู ู ุฑุงุถ ุจุฑุงู ุฌุฐุงุจ ุงุณุช.,ุงุฒ ุญู ูพุงุฒูโูุง ุง ุจุงุฒโูุง ูฺฉุฑ ูุฐุช ูโุจุฑู.,ูโุชูุงูู ูุดฺฉูุงุช ุฑูุฒูุฑู ุฑุง ุจุง ุชุญูู ููุทู ู ุฏูู ุญู ฺฉูู.,ูุญุงุณุจุงุช ุฐูู ุฑุง ุจู ุฑุงุญุช ุงูุฌุงู ูโุฏูู.,ูโุชูุงูู ุฑูุงุจุท ุนูุช ู ูุนููู ุฑุง ุจู ุฎูุจ ุฏุฑฺฉ ฺฉูู.,ูุณุงุฆู ุนูู ุง ุฑุงุถ ุฑุง ุจุง ุฏูุช ู ุตุจุฑ ุจุฑุฑุณ ูโฺฉูู.,ุฏูุณุช ุฏุงุฑู ฺุฒูุง ุฏุณุช ุจุณุงุฒู ุง ูพุฑูฺูโูุง ุนูู ุงูุฌุงู ุฏูู.,ูุนุงูุชโูุง ูุฒฺฉ ูุงููุฏ ูุฑุฒุด ุง ุฑูุต ุฑุง ุฏูุณุช ุฏุงุฑู.,ููุงุฑุชโูุง ุนูู ู ูู ุฏุงุฑู ู ูโุชูุงูู ุขูโูุง ุฑุง ุงุฌุฑุง ฺฉูู.,ููฺฏุงู ุงูุฌุงู ฺฉุงุฑูุง ุฏุณุชุ ุฏูุช ู ุชูุฑฺฉุฒ ุฎูุจ ุฏุงุฑู.,ูโุชูุงูู ุจุง ุงุจุฒุงุฑ ู ูุณุงู ูุฎุชูู ฺฉุงุฑ ฺฉูู.,ุงุฒ ุงุฏฺฏุฑ ููุงุฑุชโูุง ุนูู ุงุฒ ุทุฑู ุชุฌุฑุจู ูุณุชูู ูุฐุช ูโุจุฑู.,ูโุชูุงูู ุงุดุงุก ุฑุง ุงุฒ ุฒูุงุง ูุฎุชูู ุฏุฑ ุฐูู ุชุฌุณู ฺฉูู.,ุฏุฑ ูุณุฑโุงุจ ู ุจู ุฎุงุทุฑ ุณูพุฑุฏู ูฺฉุงูโูุง ููุงุฑุช ุฏุงุฑู.,ุทุฑุงุญ ุง ููุดูโุฎูุงู ุจุฑุงู ุฌุฐุงุจ ุงุณุช.,ูโุชูุงูู ูุญุท ุงุทุฑุงู ุฑุง ุจู ุฎูุจ ุฏุฑ ุฐููู ุชุตูุฑ ฺฉูู.,ุญู ูุณุงุฆู ุง ูุนุงูุชโูุง ฺฉู ูุงุฒ ุจู ุชุฌุณู ูุถุง ุฏุงุฑูุฏ ุจุฑุงู ุขุณุงู ุงุณุช.,ุงุฒ ุณุงุฎุช ูุฏู ุง ุชุตูุฑ ุฐูู ูพุฑูฺูโูุง ูุฐุช ูโุจุฑู.,ุฏูุณุช ุฏุงุฑู ุจู ุฏฺฏุฑุงู ฺฉูฺฉ ฺฉูู ู ุจุง ุขูโูุง ููฺฉุงุฑ ฺฉูู.,ูโุชูุงูู ุจู ุฎูุจ ุจู ุฏฺฏุฑุงู ฺฏูุด ุฏูู ู ุขูโูุง ุฑุง ุฏุฑฺฉ ฺฉูู.,ููุงุฑุช ุญู ุงุฎุชูุงู ู ููฺฉุงุฑ ุฏุฑ ฺฏุฑูู ุฑุง ุฏุงุฑู.,ุฏุฑ ฺฉุงุฑ ฺฏุฑูู ููุด ูุนุงู ู ุญูุงุชฺฏุฑ ุฏุงุฑู.,ุฏูุณุช ุฏุงุฑู ุฏฺฏุฑุงู ุฑุง ุชุดูู ฺฉูู ู ููฺฉุงุฑ ุขูโูุง ุฑุง ุฌูุจ ฺฉูู.,ุชุนุงูู ุจุง ุงูุฑุงุฏ ุฌุฏุฏ ู ุจุฑูุฑุงุฑ ุงุฑุชุจุงุท ุจุฑุงู ุฑุงุญุช ุงุณุช.,ูโุชูุงูู ูุงุฒูุง ู ุงุญุณุงุณุงุช ุฏฺฏุฑุงู ุฑุง ุชุดุฎุต ุฏูู ู ูพุงุณุฎ ููุงุณุจ ุจุฏูู.,ุชูุงูุง ุฑูุจุฑ ฺฏุฑูู ุง ุณุงุฒูุงูุฏู ูุนุงูุชโูุง ฺฏุฑูู ุฑุง ุฏุงุฑู.,ููฺฉุงุฑ ู ููุงููฺฏ ุจุง ุฏฺฏุฑุงู ุจุฑุงู ููู ุงุณุช.,ุฏูุณุช ุฏุงุฑู ุฑูุงุจุท ุฏูุณุชุงูู ู ุญูุงุช ุจุง ุงุทุฑุงูุงู ุฏุงุดุชู ุจุงุดู.
11/17/2025 21:45:49,ูููุซ,22,ฺฉุงุฑุดูุงุณ,ุฒุฏ ุฒุฏ,ุจู 40 ุชุง 60 ูููู ุชููุงู,5,ฺฉุงุฑุดูุงุณ,ฺฉุงุฑุดูุงุณ,ููููู ุฏููุช ุง ุชุฒููุดุงู,ููููู ุฏููุช ุง ุชุฒููุดุงู,ููุดุจุฑ,"ูุดุงูุฑู ูุงูุฏู ุง ุฏฺฏุฑุงู, ุจุงุฒุงุฑฺฉุงุฑ ู ุขูุฏู ุดุบู, ุงูุฏ ุจู ุงูฺฉู ุฏุฑ ุงุฑุดุฏ ุจู ุนูุงูู ุฎูุฏ ุจุงุฒฺฏุฑุฏู. (ุงูุง ุงูุงู ูฺฏุฑุงูู ุชุง ุขู ูููุน ุฎูุฏฺฉุด-)",ุฎุฑ,ุฎุฑ,ุฎุฑ,"ูุญุชูุง ุฏุฑุณ, ูุฑุตุช ุงุฏฺฏุฑ ุนูู ุง ูพุฑูฺูโุง, ุจุณุชฺฏ ุจู ููุถูุน ฺฉูุงุณ ู ุงุณุชุงุฏ ูู ุฏุงุฑู.",ฺฉุงุฑ ุฏุฑ ุญูุฒู ููุฑุฏ ุนูุงูู ู ุฑุถุงุช ุดุบู,ูุณุจุชุง,"ููุณู ฺฏูุด ุฏุงุฏู ุง ููุงุฎุชู ุณุงุฒ, ููุงุดุ ุทุฑุงุญ ุง ฺฉุงุฑูุง ููุฑ, ููู ู ุณุฑุงู ุฏุฏู, ุดุจฺฉูโูุง ุงุฌุชูุงุน ู ฺุช ุจุง ุฏูุณุชุงู",4,4,5,4,4,3,3,2,4,3,3,4,3,4,4,3,3,3,2,2,2,3,3,4,4,4,4,4,4,4,3,2,4,2,3,4,4,4,5,4,4,4,4,3,4,4,5,3,2,4,4,4,4,4,4,3,3,3,4,4,4,2,3,2,4,4,3,2,3,5,4,4,4,4,3,4,3,2,4,2,4,1,2,3,2,4,1,2,1,2,2,2,4,3,2,4,4,3,3,4,4,4
11/17/2025 21:53:51,ูููุซ,22,ฺฉุงุฑุดูุงุณ,ุฒุฏ,ุจุดุชุฑ ุงุฒ 60 ูููู ุชููุงู,4,ุฏูพูู,ุฏูพูู,ุบุฑุงูุชูุงุน,ุบุฑุงูุชูุงุน,ฺฏุฑุงูฺฉ,ุนูุงูู ุดุฎุต,ุจูู,ุจูู,ุจูู,ูฺ ุนูุงูู ุง ุจู ฺฉูุงุณ ุฏุฑุณ ูุฏุงุฑูโจ,ููููุช ูุงู ู ุฏุฑุขูุฏ ุจุงูุง,ุจูู,"ูุทุงูุนู ู ุฎูุงูุฏู ฺฉุชุงุจ, ูุฑุฒุด ู ูุนุงูุชโูุง ุจุฏู, ููุงุดุ ุทุฑุงุญ ุง ฺฉุงุฑูุง ููุฑ, ฺฏุฑุฏุด ู ุทุจุนุชโฺฏุฑุฏ",4,5,5,3,5,5,5,2,5,5,3,5,1,5,1,3,3,5,2,3,1,2,1,4,3,4,5,5,5,5,5,4,4,5,4,3,2,5,5,5,3,5,3,5,2,5,5,5,2,5,4,5,5,5,4,2,5,5,3,5,3,4,4,5,5,4,5,4,1,5,3,1,3,4,1,1,3,1,2,1,5,5,5,5,5,5,5,5,3,5,4,5,3,5,2,3,5,1,4,3,3,5
11/17/2025 21:54:22,ูููุซ,22,ฺฉุงุฑุดูุงุณ,ุฒุฏ,ุจู 40 ุชุง 60 ูููู ุชููุงู,4,ฺฉุงุฑุดูุงุณ,ุฏูพูู,ููููู ุฏููุช ุง ุชุฒููุดุงู,ููููู ุฏููุช ุง ุชุฒููุดุงู,ูพุฑุณุชุงุฑ,ุจุงุฒุงุฑฺฉุงุฑ ู ุขูุฏู ุดุบู,ุจูู,ูุณุจุชุง,ุจูู,ุชุนุงูู ุจุง ูุนูู ู ููฺฉูุงุณ ูุง,ููููุช ูุงู ู ุฏุฑุขูุฏ ุจุงูุง,ูุณุจุชุง,"ุจุงุฒโูุง ูุฏู ุง ููุจุงู ู ูุทุงูุนู ฺฉุชุงุจ ูุง ูุตูุฑ, ุดุจฺฉูโูุง ุงุฌุชูุงุน ู ฺุช ุจุง ุฏูุณุชุงู",3,4,4,4,4,4,4,4,4,4,2,3,2,2,1,2,2,4,2,4,4,4,4,3,4,1,2,2,4,2,2,2,2,2,2,2,2,3,2,2,2,2,2,4,3,3,4,4,3,3,2,3,3,3,2,4,4,4,4,4,4,3,3,3,4,4,4,4,1,4,4,4,4,4,1,4,4,2,3,2,4,3,2,3,2,3,4,2,2,3,4,3,4,2,2,4,4,2,2,3,4,3
11/17/2025 21:54:38,ูููุซ,25,ฺฉุงุฑุดูุงุณ,ุฒุฏ,ุจู 40 ุชุง 60 ูููู ุชููุงู,5,ุฏูพูู,ุฏูพูู,ุบุฑุงูุชูุงุน,ุบุฑุงูุชูุงุน,ูุฏุฑุช ูุงู,"ููุงุฑุช ูุง ู ุชูุงูุง ูุง, ุจุงุฒุงุฑฺฉุงุฑ ู ุขูุฏู ุดุบู",ุจูู,ุจูู,ุฎุฑ,ูฺ ุนูุงูู ุง ุจู ฺฉูุงุณ ุฏุฑุณ ูุฏุงุฑูโจ,ููููุช ูุงู ู ุฏุฑุขูุฏ ุจุงูุง,ุจูู,ููู ู ุณุฑุงู ุฏุฏู,1,2,5,5,2,1,3,3,5,4,3,3,5,5,1,5,5,5,5,5,5,3,3,2,3,1,2,1,3,3,3,5,2,5,4,4,3,1,5,5,5,3,2,5,5,5,5,5,2,5,5,5,5,5,5,5,5,3,3,3,5,2,2,3,5,5,5,5,1,1,1,1,1,1,5,5,5,5,5,5,1,5,1,4,4,5,1,1,1,2,1,1,5,5,5,5,5,5,5,5,5,5
11/17/2025 22:03:12,ูููุซ,25,ุฏูพูู,ุฒุฏ,ฺฉูุชุฑ ุงุฒ 20 ูููู ุชููุงู,4,ุชุญุตูุงุช ุงููู ู ูุชูุณุทู,ุชุญุตูุงุช ุงููู ู ูุชูุณุทู,ุฏููุช,ุฏููุช,ููุฑุณุชุงู ุทุฑุงุญ ู ุฏูุฎุช,ูุดุงูุฑู ูุงูุฏู ุง ุฏฺฏุฑุงู,ูุณุจุชุง,ูุณุจุชุง,ุฎุฑ,ูฺ ุนูุงูู ุง ุจู ฺฉูุงุณ ุฏุฑุณ ูุฏุงุฑูโจ,ุฒูุฏฺฏ ุฎุงููุงุฏฺฏ ู ุชุนุงุฏู ุดุฎุต,ูุณุจุชุง,ููุช ฺฏุฐุฑุงู ุจุง ุฎุงููุงุฏู ู ุฏูุณุชุงู,1,3,3,4,5,3,4,4,5,5,1,3,3,4,3,5,3,5,5,5,3,3,3,2,2,3,3,3,4,4,2,3,3,4,3,3,3,5,3,3,3,5,4,5,5,3,4,3,3,3,1,3,3,1,2,3,3,5,4,3,4,1,1,3,5,2,3,2,3,2,2,1,1,1,3,1,4,1,3,3,3,5,2,3,3,4,4,1,1,1,3,3,5,4,3,3,4,2,3,1,3,4
11/17/2025 22:08:39,ูููุซ,23,ฺฉุงุฑุดูุงุณ,ุฒุฏ,ุจู 20 ุชุง 40 ูููู ุชููุงู,5,ุชุญุตูุงุช ุงููู ู ูุชูุณุทู,ุชุญุตูุงุช ุงููู ู ูุชูุณุทู,ุฏููุช,ุฏููุช,ูพุฑุณุชุงุฑ,ุจุงุฒุงุฑฺฉุงุฑ ู ุขูุฏู ุดุบู,ูุณุจุชุง,ูุณุจุชุง,ุจูู,"ูุญุชูุง ุฏุฑุณ, ุชุนุงูู ุจุง ูุนูู ู ููฺฉูุงุณ ูุง, ูุฑุตุช ุงุฏฺฏุฑ ุนูู ุง ูพุฑูฺูโุง",ุฒูุฏฺฏ ุฎุงููุงุฏฺฏ ู ุชุนุงุฏู ุดุฎุต,ูุณุจุชุง,"ููู ู ุณุฑุงู ุฏุฏู, ุดุจฺฉูโูุง ุงุฌุชูุงุน ู ฺุช ุจุง ุฏูุณุชุงู",2,3,4,3,4,3,3,3,4,4,1,1,1,3,3,3,3,4,3,3,4,4,3,3,3,1,3,4,4,3,4,3,3,3,4,4,4,4,3,3,3,3,2,3,3,3,3,3,3,3,3,3,3,3,3,4,4,4,4,4,4,4,4,4,4,4,3,3,1,3,2,1,1,1,4,4,4,3,4,4,4,3,4,4,4,4,3,3,3,3,3,3,3,5,5,5,3,3,4,3,4,3
11/17/2025 22:31:17,ูููุซ,22,ุฏูพูู,ุฒุฏ,ุจู 20 ุชุง 40 ูููู ุชููุงู,6,ุชุญุตูุงุช ุงููู ู ูุชูุณุทู,ุชุญุตูุงุช ุงููู ู ูุชูุณุทู,ุฏููุช,ุฏููุช,ูููุฏุณ ฺฉุงููพูุชุฑ,"ุนูุงูู ุดุฎุต, ููุงุฑุช ูุง ู ุชูุงูุง ูุง, ุจุงุฒุงุฑฺฉุงุฑ ู ุขูุฏู ุดุบู",ุจูู,ุจูู,ุจูู,ูุฑุตุช ุงุฏฺฏุฑ ุนูู ุง ูพุฑูฺูโุง,ููููุช ูุงู ู ุฏุฑุขูุฏ ุจุงูุง,ูุณุจุชุง,"ูุทุงูุนู ู ุฎูุงูุฏู ฺฉุชุงุจ, ููุณู ฺฏูุด ุฏุงุฏู ุง ููุงุฎุชู ุณุงุฒ, ููุงุดุ ุทุฑุงุญ ุง ฺฉุงุฑูุง ููุฑ, ุดุจฺฉูโูุง ุงุฌุชูุงุน ู ฺุช ุจุง ุฏูุณุชุงู, ููุช ฺฏุฐุฑุงู ุจุง ุฎุงููุงุฏู ู ุฏูุณุชุงู",3,4,5,3,3,4,3,4,5,4,3,4,2,3,3,3,4,3,3,2,2,2,2,3,4,2,2,2,5,4,4,4,4,2,4,4,3,4,3,4,4,4,3,3,2,2,2,2,2,2,3,4,4,3,3,4,4,4,4,4,4,4,3,4,4,4,5,5,1,5,5,2,5,4,3,4,4,4,4,2,2,4,3,3,4,4,4,3,2,2,2,2,2,3,2,2,2,2,2,3,2,3
11/17/2025 22:45:54,ูููุซ,24,ฺฉุงุฑุดูุงุณ,ุฒุฏุ ููุฑุฒ,ุจู 40 ุชุง 60 ูููู ุชููุงู,5,ฺฉุงุฑุดูุงุณ ุงุฑุดุฏ,ฺฉุงุฑุดูุงุณ ุงุฑุดุฏ,ููููู ุฏููุช ุง ุชุฒููุดุงู,ููููู ุฏููุช ุง ุชุฒููุดุงู,ูพุฑุณุชุงุฑ,ุจุงุฒุงุฑฺฉุงุฑ ู ุขูุฏู ุดุบู,ูุณุจุชุง,ุฎุฑ,ุฎุฑ,"ุชุนุงูู ุจุง ูุนูู ู ููฺฉูุงุณ ูุง, ูุฑุตุช ุงุฏฺฏุฑ ุนูู ุง ูพุฑูฺูโุง",ุงุฏุงูู ุชุญุตู ู ุงุฏฺฏุฑ ุชุฎุตุต,ูุณุจุชุง,"ูุทุงูุนู ู ุฎูุงูุฏู ฺฉุชุงุจ, ุจุงุฒโูุง ูุฏู ุง ููุจุงู ู ูุทุงูุนู ฺฉุชุงุจ ูุง ูุตูุฑ, ููุณู ฺฏูุด ุฏุงุฏู ุง ููุงุฎุชู ุณุงุฒ, ููู ู ุณุฑุงู ุฏุฏู, ุดุจฺฉูโูุง ุงุฌุชูุงุน ู ฺุช ุจุง ุฏูุณุชุงู",3,4,4,4,5,4,4,3,5,5,5,5,5,4,4,4,5,4,5,4,3,3,3,2,3,4,4,4,5,4,4,5,5,4,4,5,4,5,4,4,4,5,4,5,5,5,5,5,4,5,5,5,5,5,5,5,5,5,5,5,5,4,3,3,3,4,3,4,1,5,4,5,3,5,5,5,5,5,5,5,3,5,3,3,3,3,5,5,5,5,3,3,5,4,5,5,5,5,3,5,5,5
11/17/2025 23:10:21,ูุฐฺฉุฑ,17,ฺฉูุงุณ ุงุฒุฏูู,ุฒุฏ,ุจู 20 ุชุง 40 ูููู ุชููุงู,4,ฺฉุงุฑุดูุงุณ,ุฏูพูู,ุบุฑุงูุชูุงุน,ููููู ุฏููุช ุง ุชุฒููุดุงู,ุนููู ุชุฌุฑุจ,ุนูุงูู ุดุฎุต,ูุณุจุชุง,ุจูู,ุจูู,ูฺ ุนูุงูู ุง ุจู ฺฉูุงุณ ุฏุฑุณ ูุฏุงุฑูโจ,ููููุช ูุงู ู ุฏุฑุขูุฏ ุจุงูุง,ูุณุจุชุง,"ุจุงุฒโูุง ูุฏู ุง ููุจุงู ู ูุทุงูุนู ฺฉุชุงุจ ูุง ูุตูุฑ, ููุณู ฺฏูุด ุฏุงุฏู ุง ููุงุฎุชู ุณุงุฒ, ููู ู ุณุฑุงู ุฏุฏู, ุดุจฺฉูโูุง ุงุฌุชูุงุน ู ฺุช ุจุง ุฏูุณุชุงู, ููุช ฺฏุฐุฑุงู ุจุง ุฎุงููุงุฏู ู ุฏูุณุชุงู",3,3,4,4,3,3,2,4,4,4,1,2,1,4,4,4,3,5,3,3,2,3,2,1,2,3,3,2,3,3,2,4,3,4,3,3,3,4,4,4,3,3,2,4,4,4,4,4,4,4,4,3,4,4,4,4,4,3,4,4,4,4,1,2,3,2,3,3,3,5,5,4,4,5,3,2,2,4,3,2,3,2,1,4,3,4,2,2,2,4,3,3,4,4,4,4,4,2,4,4,3,4
11/17/2025 23:25:56,ูููุซ,24,ฺฉุงุฑุดูุงุณ,ุฒุฏ-ุฒุฏ,ุจุดุชุฑ ุงุฒ 60 ูููู ุชููุงู,5,ุฏูพูู,ุชุญุตูุงุช ุงููู ู ูุชูุณุทู,ููููู ุฏููุช ุง ุชุฒููุดุงู,ููููู ุฏููุช ุง ุชุฒููุดุงู,ูููุฏุณ ูพุฒุดฺฉ(ุจูุงูฺฉุชุฑฺฉ),ุนูุงูู ุดุฎุต,ูุณุจุชุง,ูุณุจุชุง,ุจูู,"ูุญุชูุง ุฏุฑุณ, ุชุนุงูู ุจุง ูุนูู ู ููฺฉูุงุณ ูุง, ูุฑุตุช ุงุฏฺฏุฑ ุนูู ุง ูพุฑูฺูโุง, ุขุฒุงุฏ ู ููุขูุฑ",ฺฉุงุฑ ุฏุฑ ุญูุฒู ููุฑุฏ ุนูุงูู ู ุฑุถุงุช ุดุบู,ูุณุจุชุง,"ูุทุงูุนู ู ุฎูุงูุฏู ฺฉุชุงุจ, ุจุงุฒโูุง ูุฏู ุง ููุจุงู ู ูุทุงูุนู ฺฉุชุงุจ ูุง ูุตูุฑ, ูุฑุฒุด ู ูุนุงูุชโูุง ุจุฏู, ููุณู ฺฏูุด ุฏุงุฏู ุง ููุงุฎุชู ุณุงุฒ, ููุงุดุ ุทุฑุงุญ ุง ฺฉุงุฑูุง ููุฑ, ููู ู ุณุฑุงู ุฏุฏู, ุดุจฺฉูโูุง ุงุฌุชูุงุน ู ฺุช ุจุง ุฏูุณุชุงู, ฺฏุฑุฏุด ู ุทุจุนุชโฺฏุฑุฏ, ฺฉุงุฑูุง ูู ู ุณุงุฎุชู ฺุฒูุง ุฏุณุช, ููุช ฺฏุฐุฑุงู ุจุง ุฎุงููุงุฏู ู ุฏูุณุชุงู",4,5,5,4,4,4,4,4,4,3,3,3,3,3,2,3,4,4,4,3,4,4,4,4,4,3,4,4,4,4,5,5,4,4,4,4,4,5,5,5,5,5,4,4,4,4,4,4,3,3,3,3,4,3,2,4,4,3,4,3,4,4,4,4,5,4,4,4,2,4,4,3,4,4,4,4,4,4,4,4,4,4,4,4,4,5,5,3,4,5,5,5,4,4,3,3,4,4,4,3,3,4
11/17/2025 23:26:23,ูููุซ,24,ฺฉุงุฑุดูุงุณ,ฺฉุฑูุงู_ุฑูุณูุฌุงู,ุจู 40 ุชุง 60 ูููู ุชููุงู,6,ฺฉุงุฑุดูุงุณ,ฺฉุงุฑุดูุงุณ,ููููู ุฏููุช ุง ุชุฒููุดุงู,ุฏููุช,ูููุฏุณ ฺฉุงููพูุชุฑ,"ุนูุงูู ุดุฎุต, ุจุงุฒุงุฑฺฉุงุฑ ู ุขูุฏู ุดุบู",ูุณุจุชุง,ุจูู,ุจูู,ูฺ ุนูุงูู ุง ุจู ฺฉูุงุณ ุฏุฑุณ ูุฏุงุฑูโจ,ููููุช ูุงู ู ุฏุฑุขูุฏ ุจุงูุง,ุฎุฑ,"ุจุงุฒโูุง ูุฏู ุง ููุจุงู ู ูุทุงูุนู ฺฉุชุงุจ ูุง ูุตูุฑ, ููุณู ฺฏูุด ุฏุงุฏู ุง ููุงุฎุชู ุณุงุฒ, ููู ู ุณุฑุงู ุฏุฏู, ุดุจฺฉูโูุง ุงุฌุชูุงุน ู ฺุช ุจุง ุฏูุณุชุงู, ููุช ฺฏุฐุฑุงู ุจุง ุฎุงููุงุฏู ู ุฏูุณุชุงู",1,3,4,3,3,1,1,1,4,3,1,3,1,1,1,1,3,4,3,3,2,1,3,2,1,3,3,3,4,4,3,3,3,3,3,3,3,4,3,3,3,4,3,3,4,3,4,4,3,3,1,1,1,1,1,3,3,3,3,3,3,3,3,4,4,3,4,3,3,5,5,4,5,5,3,5,3,3,2,1,3,4,3,3,3,3,4,1,3,1,3,4,4,4,4,3,4,1,3,3,3,4
11/17/2025 23:27:20,ูุฐฺฉุฑ,23,ฺฉุงุฑุดูุงุณ,ุฒุฏ,ฺฉูุชุฑ ุงุฒ 20 ูููู ุชููุงู,4,ุฏูพูู,ุฏูพูู,ุฏููุช,ุฏููุช,ุฑุงุถ ูุฒฺฉ,ุนูุงูู ุดุฎุต,ุจูู,ูุณุจุชุง,ุจูู,ูุฑุตุช ุงุฏฺฏุฑ ุนูู ุง ูพุฑูฺูโุง,ููููุช ูุงู ู ุฏุฑุขูุฏ ุจุงูุง,ุฎุฑ,"ููู ู ุณุฑุงู ุฏุฏู, ุดุจฺฉูโูุง ุงุฌุชูุงุน ู ฺุช ุจุง ุฏูุณุชุงู, ููุช ฺฏุฐุฑุงู ุจุง ุฎุงููุงุฏู ู ุฏูุณุชุงู",2,3,3,2,2,2,3,3,4,4,1,1,1,2,2,1,3,2,2,3,1,1,5,1,1,1,1,1,1,1,1,1,1,1,1,1,1,3,3,3,2,3,3,3,3,3,1,3,1,3,3,2,2,2,2,2,2,2,2,2,3,3,3,3,3,3,3,3,3,3,3,3,3,3,4,4,4,1,4,4,1,1,1,1,1,1,3,4,4,4,4,1,1,1,1,1,1,1,1,1,1,1
11/17/2025 23:30:40,ูููุซ,20,ฺฉุงุฑุดูุงุณ,ุฒุฏ,ุจู 20 ุชุง 40 ูููู ุชููุงู,4,ฺฉุงุฑุดูุงุณ,ฺฉุงุฑุดูุงุณ,ููููู ุฏููุช ุง ุชุฒููุดุงู,ููููู ุฏููุช ุง ุชุฒููุดุงู,ุนููู ุงูุณุงู,ููุงุฑุช ูุง ู ุชูุงูุง ูุง,ุจูู,ูุณุจุชุง,ุจูู,"ุชุนุงูู ุจุง ูุนูู ู ููฺฉูุงุณ ูุง, ูฺ ุนูุงูู ุง ุจู ฺฉูุงุณ ุฏุฑุณ ูุฏุงุฑูโจ",ฺฉุงุฑ ุฏุฑ ุญูุฒู ููุฑุฏ ุนูุงูู ู ุฑุถุงุช ุดุบู,ูุณุจุชุง,"ุจุงุฒโูุง ูุฏู ุง ููุจุงู ู ูุทุงูุนู ฺฉุชุงุจ ูุง ูุตูุฑ, ุดุจฺฉูโูุง ุงุฌุชูุงุน ู ฺุช ุจุง ุฏูุณุชุงู, ููุช ฺฏุฐุฑุงู ุจุง ุฎุงููุงุฏู ู ุฏูุณุชุงู",2,3,3,2,3,4,4,2,5,5,1,2,1,1,1,1,5,3,5,5,3,5,1,2,3,5,1,5,3,5,3,3,4,4,5,4,5,3,2,5,2,4,1,3,5,2,4,3,1,3,1,1,3,1,1,4,5,4,5,5,4,4,4,3,5,2,3,3,1,5,5,5,3,5,3,2,2,5,5,5,2,1,3,5,3,3,3,1,1,2,1,1,3,4,3,1,3,3,4,1,4,5
11/17/2025 23:31:51,ูููุซ,19,ุฏูพูู,ุฒุฏ,ุจู 40 ุชุง 60 ูููู ุชููุงู,5,ฺฉุงุฑุดูุงุณ,ฺฉุงุฑุดูุงุณ,ููููู ุฏููุช ุง ุชุฒููุดุงู,ููููู ุฏููุช ุง ุชุฒููุดุงู,ุฑุงุถ ูุฒฺฉ,ุนูุงูู ุดุฎุต,ุจูู,ุจูู,ุจูู,ุขุฒุงุฏ ู ููุขูุฑ,ููููุช ูุงู ู ุฏุฑุขูุฏ ุจุงูุง,ุจูู,ููุงุดุ ุทุฑุงุญ ุง ฺฉุงุฑูุง ููุฑ,1,1,1,1,1,1,1,1,1,1,1,1,1,1,1,1,1,1,1,1,1,1,1,1,1,1,1,1,1,1,1,1,1,1,1,1,2,1,1,1,1,1,1,1,1,1,1,1,1,1,1,1,2,1,1,1,1,1,1,1,1,1,4,2,2,3,4,3,5,2,1,3,4,2,2,3,2,2,2,1,3,4,3,4,3,4,3,3,2,2,3,4,3,4,3,3,2,2,1,4,3,1
11/17/2025 23:32:30,ูุฐฺฉุฑ,18,ุฏูพูู,ุฒุฏ,ุจุดุชุฑ ุงุฒ 60 ูููู ุชููุงู,4,ฺฉุงุฑุดูุงุณ ุงุฑุดุฏ,ฺฉุงุฑุดูุงุณ ุงุฑุดุฏ,ุบุฑุงูุชูุงุน,ุบุฑุงูุชูุงุน,ุนููู ุชุฌุฑุจ,ุนูุงูู ุดุฎุต,ูุณุจุชุง,ูุณุจุชุง,ุจูู,"ูุญุชูุง ุฏุฑุณ, ุชุนุงูู ุจุง ูุนูู ู ููฺฉูุงุณ ูุง",ููููุช ูุงู ู ุฏุฑุขูุฏ ุจุงูุง,ูุณุจุชุง,"ูุฑุฒุด ู ูุนุงูุชโูุง ุจุฏู, ููุณู ฺฏูุด ุฏุงุฏู ุง ููุงุฎุชู ุณุงุฒ, ููุช ฺฏุฐุฑุงู ุจุง ุฎุงููุงุฏู ู ุฏูุณุชุงู",3,4,5,3,3,2,3,3,3,5,4,3,5,3,3,5,4,4,5,4,4,3,3,2,3,3,3,3,3,3,3,3,4,2,3,3,3,4,3,3,3,4,3,4,4,4,4,4,4,4,5,5,4,5,5,4,3,3,4,3,3,4,5,4,4,3,3,3,5,5,5,5,5,5,2,2,3,3,3,3,3,5,3,3,4,3,5,5,5,5,5,5,5,5,5,4,5,5,5,5,5,5
11/17/2025 23:33:42,ูุฐฺฉุฑ,26,ฺฉุงุฑุดูุงุณ ุงุฑุดุฏ,ุฒุฏ,ุจู 20 ุชุง 40 ูููู ุชููุงู,2,ุชุญุตูุงุช ุงููู ู ูุชูุณุทู,ฺฉุงุฑุดูุงุณ,ููููู ุฏููุช ุง ุชุฒููุดุงู,ููููู ุฏููุช ุง ุชุฒููุดุงู,ุนููู ุงูุณุงู,ุนูุงูู ุดุฎุต,ุจูู,ุจูู,ุจูู,ุชุนุงูู ุจุง ูุนูู ู ููฺฉูุงุณ ูุง,ููููุช ูุงู ู ุฏุฑุขูุฏ ุจุงูุง,ูุณุจุชุง,ููู ู ุณุฑุงู ุฏุฏู,4,3,4,4,3,4,3,4,3,3,3,3,3,3,3,4,4,4,3,3,3,3,3,3,3,3,1,3,4,3,3,4,3,3,4,4,3,3,4,4,3,4,4,4,4,4,4,4,4,4,3,4,4,4,3,4,4,4,4,4,3,3,3,4,4,4,3,3,3,4,4,3,4,2,1,2,4,3,4,1,4,4,2,3,2,4,2,3,4,4,3,4,4,4,4,4,4,3,4,4,4,4
11/17/2025 23:38:36,ูููุซ,21,ุฏูพูู,ุฒุฏ,ุจู 20 ุชุง 40 ูููู ุชููุงู,2,ฺฉุงุฑุดูุงุณ,ฺฉุงุฑุดูุงุณ,ุบุฑุงูุชูุงุน,ุบุฑุงูุชูุงุน,ุนููู ุชุฌุฑุจ,ุนูุงูู ุดุฎุต,ุจูู,ุจูู,ุจูู,ุชุนุงูู ุจุง ูุนูู ู ููฺฉูุงุณ ูุง,ุงุฏุงูู ุชุญุตู ู ุงุฏฺฏุฑ ุชุฎุตุต,ุฎุฑ,"ูุทุงูุนู ู ุฎูุงูุฏู ฺฉุชุงุจ, ุจุงุฒโูุง ูุฏู ุง ููุจุงู ู ูุทุงูุนู ฺฉุชุงุจ ูุง ูุตูุฑ, ููู ู ุณุฑุงู ุฏุฏู, ุดุจฺฉูโูุง ุงุฌุชูุงุน ู ฺุช ุจุง ุฏูุณุชุงู, ฺฏุฑุฏุด ู ุทุจุนุชโฺฏุฑุฏ, ููุช ฺฏุฐุฑุงู ุจุง ุฎุงููุงุฏู ู ุฏูุณุชุงู",1,3,4,4,3,4,5,4,4,4,4,4,4,3,4,4,4,4,5,4,3,4,2,3,4,3,4,3,4,4,3,4,3,4,3,3,3,4,4,3,3,4,4,4,5,4,5,4,3,4,4,4,4,4,4,4,4,4,4,4,4,4,4,4,4,4,4,4,2,4,4,4,4,4,2,4,3,2,3,2,4,4,4,4,3,3,4,3,3,4,4,4,4,4,4,4,4,4,4,4,3,4
11/17/2025 23:41:30,ูุฐฺฉุฑ,21,ฺฉุงุฑุดูุงุณ,ุฒุฏ,ุจู 40 ุชุง 60 ูููู ุชููุงู,3,ฺฉุงุฑุดูุงุณ,ฺฉุงุฑุดูุงุณ,ุบุฑุงูุชูุงุน,ุบุฑุงูุชูุงุน,ูููุฏุณ ูุณุงุฌ,"ุนูุงูู ุดุฎุต, ูุดุงูุฑู ูุงูุฏู ุง ุฏฺฏุฑุงู",ุจูู,ุจูู,ุจูู,"ูุญุชูุง ุฏุฑุณ, ูุฑุตุช ุงุฏฺฏุฑ ุนูู ุง ูพุฑูฺูโุง",ฺฉุงุฑ ุฏุฑ ุญูุฒู ููุฑุฏ ุนูุงูู ู ุฑุถุงุช ุดุบู,ุจูู,"ูุฑุฒุด ู ูุนุงูุชโูุง ุจุฏู, ููุณู ฺฏูุด ุฏุงุฏู ุง ููุงุฎุชู ุณุงุฒ, ููู ู ุณุฑุงู ุฏุฏู, ุดุจฺฉูโูุง ุงุฌุชูุงุน ู ฺุช ุจุง ุฏูุณุชุงู, ฺฏุฑุฏุด ู ุทุจุนุชโฺฏุฑุฏ, ููุช ฺฏุฐุฑุงู ุจุง ุฎุงููุงุฏู ู ุฏูุณุชุงู",3,4,4,3,4,5,4,3,4,4,5,5,5,3,3,3,4,5,5,5,4,3,3,2,3,3,4,4,4,4,4,3,3,4,4,3,3,4,4,4,4,3,4,5,5,3,5,5,4,4,4,3,4,3,3,3,4,4,4,3,4,4,3,3,3,4,4,4,3,4,4,4,4,4,4,4,3,4,3,4,4,5,4,4,4,4,4,4,4,4,3,4,4,5,4,4,4,4,4,3,4,4
11/18/2025 0:01:58,ูููุซ,22,ฺฉุงุฑุดูุงุณ,ูุฒุฏ,ุจุดุชุฑ ุงุฒ 60 ูููู ุชููุงู,5,ุฏูพูู,ฺฉุงุฑุดูุงุณ ุงุฑุดุฏ,ุบุฑุงูุชูุงุน,ุบุฑุงูุชูุงุน,ุนููู ุงูุณุงู,"ููุงุฑุช ูุง ู ุชูุงูุง ูุง, ูุดุงูุฑู ูุงูุฏู ุง ุฏฺฏุฑุงู",ูุณุจุชุง,ูุณุจุชุง,ุจูู,"ุชุนุงูู ุจุง ูุนูู ู ููฺฉูุงุณ ูุง, ุขุฒุงุฏ ู ููุขูุฑ",ฺฉุงุฑ ุฏุฑ ุญูุฒู ููุฑุฏ ุนูุงูู ู ุฑุถุงุช ุดุบู,ูุณุจุชุง,"ูุทุงูุนู ู ุฎูุงูุฏู ฺฉุชุงุจ, ุจุงุฒโูุง ูุฏู ุง ููุจุงู ู ูุทุงูุนู ฺฉุชุงุจ ูุง ูุตูุฑ, ูุฑุฒุด ู ูุนุงูุชโูุง ุจุฏู, ููุณู ฺฏูุด ุฏุงุฏู ุง ููุงุฎุชู ุณุงุฒ, ุดุจฺฉูโูุง ุงุฌุชูุงุน ู ฺุช ุจุง ุฏูุณุชุงู, ููุช ฺฏุฐุฑุงู ุจุง ุฎุงููุงุฏู ู ุฏูุณุชุงู",4,4,5,4,4,3,3,3,4,4,4,4,4,4,4,4,4,5,5,5,5,4,4,5,5,2,4,3,3,3,3,4,4,4,4,4,4,4,5,5,5,5,5,5,5,5,5,5,5,5,5,5,5,3,3,3,4,3,3,4,4,4,4,4,4,4,4,4,2,5,5,4,4,5,3,3,4,4,4,3,3,5,4,4,4,4,5,5,3,5,4,4,5,5,5,5,5,5,5,3,4,5
11/18/2025 0:02:50,ูููุซ,21,ุฏูพูู,ุฒุฏ-ุฒุฏ,ุจู 40 ุชุง 60 ูููู ุชููุงู,4,ฺฉุงุฑุดูุงุณ,ฺฉุงุฑุดูุงุณ ุงุฑุดุฏ,ุบุฑุงูุชูุงุน,ุบุฑุงูุชูุงุน,ูููุฏุณ ฺฉุงููพูุชุฑ,ุนูุงูู ุดุฎุต,ุจูู,ุจูู,ุจูู,ุขุฒุงุฏ ู ููุขูุฑ,ฺฉุงุฑ ุฏุฑ ุญูุฒู ููุฑุฏ ุนูุงูู ู ุฑุถุงุช ุดุบู,ุฎุฑ,ููุช ฺฏุฐุฑุงู ุจุง ุฎุงููุงุฏู ู ุฏูุณุชุงู,4,5,5,4,4,5,3,2,4,5,3,4,3,2,1,3,2,3,3,4,3,1,1,2,2,3,3,4,4,4,3,4,4,4,3,4,3,5,5,5,4,2,4,4,4,4,4,4,4,4,5,5,5,5,3,3,4,2,3,4,3,3,3,3,4,4,4,4,3,5,5,5,5,5,2,4,3,3,3,2,4,4,4,4,2,4,4,4,2,3,2,4,4,4,4,4,4,3,4,5,2,3
11/18/2025 0:02:51,ูููุซ,22,ฺฉุงุฑุดูุงุณ,ุฒุฏ,ฺฉูุชุฑ ุงุฒ 20 ูููู ุชููุงู,ุณู,ุชุญุตูุงุช ุงููู ู ูุชูุณุทู,ุฏูพูู,ุฏููุช,ุฏููุช,ูพุฑุณุชุงุฑ,ุนูุงูู ุดุฎุต,ูุณุจุชุง,ุจูู,ุจูู,"ูุญุชูุง ุฏุฑุณ, ูุฑุตุช ุงุฏฺฏุฑ ุนูู ุง ูพุฑูฺูโุง",ุงุฏุงูู ุชุญุตู ู ุงุฏฺฏุฑ ุชุฎุตุต,ุจูู,"ูุทุงูุนู ู ุฎูุงูุฏู ฺฉุชุงุจ, ููู ู ุณุฑุงู ุฏุฏู, ฺฏุฑุฏุด ู ุทุจุนุชโฺฏุฑุฏ",2,4,4,2,2,4,4,4,2,3,1,1,1,1,1,3,3,5,5,5,2,1,1,1,1,3,1,2,1,1,3,2,2,2,2,2,3,5,5,5,5,1,1,5,5,5,5,5,5,3,3,3,3,3,3,3,5,5,5,5,5,3,4,3,3,5,3,3,1,5,3,1,3,4,1,5,2,1,3,1,1,5,1,5,5,5,3,1,1,1,1,1,1,5,3,2,5,1,3,1,4,5
11/18/2025 0:07:12,ูุฐฺฉุฑ,21,ุฏูพูู,ุฒุฏ,ุจุดุชุฑ ุงุฒ 60 ูููู ุชููุงู,4,ุฏฺฉุชุฑ,ุฏฺฉุชุฑ,ุฏููุช,ุฏููุช,ุญุณุงุจุฏุงุฑ,ุนูุงูู ุดุฎุต,ุจูู,ุจูู,ุจูู,ุขุฒุงุฏ ู ููุขูุฑ,ููููุช ูุงู ู ุฏุฑุขูุฏ ุจุงูุง,ุจูู,ูุทุงูุนู ู ุฎูุงูุฏู ฺฉุชุงุจ,5,5,5,5,4,4,4,4,5,5,1,1,1,3,3,4,4,4,4,4,4,4,4,4,4,3,4,4,3,4,4,4,4,4,4,4,4,4,4,5,5,5,5,4,4,3,3,4,4,4,4,4,4,4,4,4,5,5,5,5,5,5,4,4,4,4,4,4,2,4,4,4,4,3,1,4,4,4,4,1,4,4,4,4,4,4,4,4,4,4,4,4,4,4,4,4,4,1,4,5,5,5
11/18/2025 0:20:27,ูุฐฺฉุฑ,32,ุฏฺฉุชุฑ ุชุฎุตุต,ุชูุฑุงู,ุจุดุชุฑ ุงุฒ 60 ูููู ุชููุงู,5,ฺฉุงุฑุดูุงุณ ุงุฑุดุฏ,ุฏฺฉุชุฑ,ุบุฑุงูุชูุงุน,ุบุฑุงูุชูุงุน,ุฑุงุถ ูุฒฺฉ,"ููุงุฑุช ูุง ู ุชูุงูุง ูุง, ุจุงุฒุงุฑฺฉุงุฑ ู ุขูุฏู ุดุบู",ุจูู,ุจูู,ุจูู,ูฺ ุนูุงูู ุง ุจู ฺฉูุงุณ ุฏุฑุณ ูุฏุงุฑูโจ,ููููุช ูุงู ู ุฏุฑุขูุฏ ุจุงูุง,ุจูู,"ุจุงุฒโูุง ูุฏู ุง ููุจุงู ู ูุทุงูุนู ฺฉุชุงุจ ูุง ูุตูุฑ, ููุณู ฺฏูุด ุฏุงุฏู ุง ููุงุฎุชู ุณุงุฒ, ููู ู ุณุฑุงู ุฏุฏู",5,5,5,5,5,5,5,5,5,5,5,5,5,5,5,5,5,5,5,5,5,5,5,5,5,5,5,5,5,5,5,5,5,5,5,5,5,5,5,5,5,5,5,5,5,5,5,5,5,5,5,5,5,5,4,5,5,5,5,5,5,5,5,5,5,5,5,5,5,5,5,5,5,5,5,5,5,5,5,5,5,5,5,5,5,5,5,5,5,5,5,5,5,5,5,5,5,5,5,5,5,5
11/18/2025 0:26:08,ูุฐฺฉุฑ,21,ุฏูพูู,ุฒุฏ ุงุฑุฏฺฉุงู,ุจุดุชุฑ ุงุฒ 60 ูููู ุชููุงู,6,ฺฉุงุฑุดูุงุณ,ฺฉุงุฑุดูุงุณ ุงุฑุดุฏ,ุบุฑุงูุชูุงุน,ููููู ุฏููุช ุง ุชุฒููุดุงู,ุนููู ุงูุณุงู,ูุดุงูุฑู ูุงูุฏู ุง ุฏฺฏุฑุงู,ูุณุจุชุง,ุฎุฑ,ุจูู,ูฺ ุนูุงูู ุง ุจู ฺฉูุงุณ ุฏุฑุณ ูุฏุงุฑูโจ,ฺฉุงุฑ ุฏุฑ ุญูุฒู ููุฑุฏ ุนูุงูู ู ุฑุถุงุช ุดุบู,ูุณุจุชุง,"ูุทุงูุนู ู ุฎูุงูุฏู ฺฉุชุงุจ, ูุฑุฒุด ู ูุนุงูุชโูุง ุจุฏู, ููู ู ุณุฑุงู ุฏุฏู, ููุช ฺฏุฐุฑุงู ุจุง ุฎุงููุงุฏู ู ุฏูุณุชุงู",5,4,5,5,3,2,5,3,5,1,1,1,1,3,2,5,4,4,5,3,1,5,2,4,2,5,3,3,5,4,5,5,3,4,4,4,2,4,2,4,4,5,1,3,1,2,1,1,5,1,1,1,3,4,5,4,2,1,2,1,4,3,3,2,1,5,5,4,2,5,5,3,5,5,5,5,5,5,2,5,3,5,4,2,4,3,1,1,3,2,5,3,2,2,2,2,5,5,2,5,4,4
11/18/2025 0:42:34,ูุฐฺฉุฑ,22,ฺฉุงุฑุดูุงุณ,ุฒุฏ,ุจู 20 ุชุง 40 ูููู ุชููุงู,3,ุฏูพูู,ุฏูพูู,ุฏููุช,ุฏููุช,ุนููู ุงูุณุงู,"ุนูุงูู ุดุฎุต, ููุงุฑุช ูุง ู ุชูุงูุง ูุง, ุจุงุฒุงุฑฺฉุงุฑ ู ุขูุฏู ุดุบู",ุจูู,ุจูู,ุจูู,"ูุญุชูุง ุฏุฑุณ, ูุฑุตุช ุงุฏฺฏุฑ ุนูู ุง ูพุฑูฺูโุง",ููููุช ูุงู ู ุฏุฑุขูุฏ ุจุงูุง,ูุณุจุชุง,"ุจุงุฒโูุง ูุฏู ุง ููุจุงู ู ูุทุงูุนู ฺฉุชุงุจ ูุง ูุตูุฑ, ูุฑุฒุด ู ูุนุงูุชโูุง ุจุฏู, ููุณู ฺฏูุด ุฏุงุฏู ุง ููุงุฎุชู ุณุงุฒ, ููู ู ุณุฑุงู ุฏุฏู, ุดุจฺฉูโูุง ุงุฌุชูุงุน ู ฺุช ุจุง ุฏูุณุชุงู, ฺฏุฑุฏุด ู ุทุจุนุชโฺฏุฑุฏ, ููุช ฺฏุฐุฑุงู ุจุง ุฎุงููุงุฏู ู ุฏูุณุชุงู",2,4,5,4,4,5,5,4,4,4,4,4,4,2,4,4,4,3,4,3,4,5,4,5,5,4,4,4,5,3,3,4,4,4,4,4,4,4,3,4,4,3,4,4,3,3,3,3,3,4,4,4,4,4,4,3,5,4,4,4,3,4,4,4,4,3,5,4,5,5,5,5,5,5,5,5,4,4,4,4,3,4,4,4,4,4,4,4,4,4,3,4,3,3,4,4,4,4,4,3,3,4
11/18/2025 1:04:48,ูููุซ,22,ฺฉุงุฑุดูุงุณ,ุฒุฏ,ุจุดุชุฑ ุงุฒ 60 ูููู ุชููุงู,6,ุฏูพูู,ุฏูพูู,ุฏููุช,ููููู ุฏููุช ุง ุชุฒููุดุงู,ุฑุงุถ ูุฒฺฉ,ูุดุงูุฑู ูุงูุฏู ุง ุฏฺฏุฑุงู,ูุณุจุชุง,ูุณุจุชุง,ุจูู,ูุฑุตุช ุงุฏฺฏุฑ ุนูู ุง ูพุฑูฺูโุง,ฺฉุงุฑ ุฏุฑ ุญูุฒู ููุฑุฏ ุนูุงูู ู ุฑุถุงุช ุดุบู,ุจูู,"ูุทุงูุนู ู ุฎูุงูุฏู ฺฉุชุงุจ, ูุฑุฒุด ู ูุนุงูุชโูุง ุจุฏู, ููุณู ฺฏูุด ุฏุงุฏู ุง ููุงุฎุชู ุณุงุฒ, ุดุจฺฉูโูุง ุงุฌุชูุงุน ู ฺุช ุจุง ุฏูุณุชุงู, ููุช ฺฏุฐุฑุงู ุจุง ุฎุงููุงุฏู ู ุฏูุณุชุงู",2,3,4,3,4,4,3,4,4,3,5,3,3,3,4,4,5,4,5,4,2,3,3,3,3,3,3,4,4,4,4,3,3,3,4,3,3,5,4,5,5,4,4,4,4,4,4,4,4,3,4,4,3,3,3,4,4,5,4,4,4,4,3,4,4,3,3,3,1,4,4,4,4,5,3,4,4,4,3,3,4,5,3,4,3,4,4,4,2,4,3,3,3,4,3,4,4,3,3,3,3,5
11/18/2025 8:13:12,ูุฐฺฉุฑ,20,ฺฉุงุฑุดูุงุณ,ุฒุฏ,ุจู 40 ุชุง 60 ูููู ุชููุงู,5,ุฏูพูู,ุฏูพูู,ุฏููุช,ุบุฑุงูุชูุงุน,ุนููู ุงูุณุงู,ุจุงุฒุงุฑฺฉุงุฑ ู ุขูุฏู ุดุบู,ุจูู,ุจูู,ุจูู,ุชุนุงูู ุจุง ูุนูู ู ููฺฉูุงุณ ูุง,ููููุช ูุงู ู ุฏุฑุขูุฏ ุจุงูุง,ูุณุจุชุง,"ูุฑุฒุด ู ูุนุงูุชโูุง ุจุฏู, ููุงุดุ ุทุฑุงุญ ุง ฺฉุงุฑูุง ููุฑ, ููู ู ุณุฑุงู ุฏุฏู, ฺฏุฑุฏุด ู ุทุจุนุชโฺฏุฑุฏ",3,3,3,2,3,2,3,4,4,4,3,3,3,3,4,4,5,4,4,4,5,5,3,3,2,3,3,1,2,2,2,1,3,3,2,4,3,3,3,4,3,4,4,3,2,2,2,2,2,3,4,3,3,3,4,4,4,4,5,2,2,2,3,2,3,3,2,2,3,3,3,3,4,3,3,3,2,2,3,3,3,2,4,3,2,2,3,2,3,3,3,3,3,3,3,3,3,3,3,3,3,3
11/18/2025 8:14:58,ูููุซ,25,ฺฉุงุฑุดูุงุณ ุงุฑุดุฏ,ุฒุฏ,ุจู 40 ุชุง 60 ูููู ุชููุงู,4,ุฏูพูู,ฺฉุงุฑุดูุงุณ,ุฏููุช,ุฏููุช,ุฑุงุถ ูุฒฺฉ,ูุดุงูุฑู ูุงูุฏู ุง ุฏฺฏุฑุงู,ุจูู,ุฎุฑ,ุฎุฑ,ูุฑุตุช ุงุฏฺฏุฑ ุนูู ุง ูพุฑูฺูโุง,ููููุช ูุงู ู ุฏุฑุขูุฏ ุจุงูุง,ุฎุฑ,ููู ู ุณุฑุงู ุฏุฏู,2,5,5,3,4,2,2,1,5,3,2,4,2,3,2,1,5,5,4,5,4,2,2,2,2,2,2,4,4,4,4,3,4,3,2,3,4,4,3,2,4,4,4,3,4,5,5,5,5,5,5,4,3,5,3,4,5,2,5,2,2,2,4,2,2,4,3,2,5,5,5,5,5,5,5,5,5,5,5,5,5,5,5,5,5,5,5,5,5,5,5,5,5,5,4,4,5,5,5,5,3,4
11/18/2025 8:31:59,ูููุซ,20,ฺฉุงุฑุดูุงุณ,ุฒุฏ,ุจู 20 ุชุง 40 ูููู ุชููุงู,5,ุชุญุตูุงุช ุงููู ู ูุชูุณุทู,ุฏูพูู,ุฏููุช,ุฏููุช,ุนููู ุชุฌุฑุจ,ุจุงุฒุงุฑฺฉุงุฑ ู ุขูุฏู ุดุบู,ูุณุจุชุง,ูุณุจุชุง,ุจูู,ูฺ ุนูุงูู ุง ุจู ฺฉูุงุณ ุฏุฑุณ ูุฏุงุฑูโจ,ููููุช ูุงู ู ุฏุฑุขูุฏ ุจุงูุง,ูุณุจุชุง,"ุจุงุฒโูุง ูุฏู ุง ููุจุงู ู ูุทุงูุนู ฺฉุชุงุจ ูุง ูุตูุฑ, ููู ู ุณุฑุงู ุฏุฏู, ุดุจฺฉูโูุง ุงุฌุชูุงุน ู ฺุช ุจุง ุฏูุณุชุงู, ฺฏุฑุฏุด ู ุทุจุนุชโฺฏุฑุฏ, ููุช ฺฏุฐุฑุงู ุจุง ุฎุงููุงุฏู ู ุฏูุณุชุงู",4,4,4,2,2,2,2,2,4,2,1,2,1,3,4,3,4,4,4,4,1,2,1,2,2,2,4,3,4,4,4,4,2,4,4,2,2,2,2,4,2,3,4,4,4,4,4,4,4,2,2,4,3,2,2,3,4,2,3,4,4,2,2,2,4,2,2,2,2,4,4,4,4,4,4,4,2,2,4,4,4,5,2,3,2,4,3,4,2,4,2,2,4,3,3,3,2,2,2,2,4,4
11/18/2025 8:34:47,ูููุซ,22,ฺฉุงุฑุดูุงุณ,ุฒุฏุ ุฒุฏ,ุจู 40 ุชุง 60 ูููู ุชููุงู,4,ฺฉุงุฑุดูุงุณ,ุฏฺฉุชุฑ,ุบุฑุงูุชูุงุน,ุฏููุช,ุญุณุงุจุฏุงุฑ,ูุดุงูุฑู ูุงูุฏู ุง ุฏฺฏุฑุงู,ุฎุฑ,ุฎุฑ,ุฎุฑ,ูฺ ุนูุงูู ุง ุจู ฺฉูุงุณ ุฏุฑุณ ูุฏุงุฑูโจ,ฺฉุงุฑ ุฏุฑ ุญูุฒู ููุฑุฏ ุนูุงูู ู ุฑุถุงุช ุดุบู,ุจูู,"ููุงุดุ ุทุฑุงุญ ุง ฺฉุงุฑูุง ููุฑ, ุฎุงุทุ ุงููฺฏ ฺฏูุด ุฏุงุฏูุ ููู ุฏุฏู",4,5,5,3,4,4,4,3,4,4,3,4,4,4,4,4,4,4,4,4,4,2,2,2,2,3,4,4,5,4,4,4,2,3,3,3,4,5,5,4,4,5,5,5,5,5,5,5,5,4,3,3,3,4,3,4,4,4,4,4,3,2,3,3,4,4,4,4,1,4,5,4,4,5,3,4,4,1,2,2,4,4,4,4,3,4,3,3,4,4,3,4,4,4,4,4,4,4,4,3,4,4
11/18/2025 8:39:31,ูููุซ,19,ุฏูพูู,ุฒุฏ ุ ุฒุฏ,ุจู 40 ุชุง 60 ูููู ุชููุงู,6,ุชุญุตูุงุช ุงููู ู ูุชูุณุทู,ุชุญุตูุงุช ุงููู ู ูุชูุณุทู,ุฏููุช,ุฏููุช,ุฑุดุชู ูุง ูู,ูุดุงูุฑู ูุงูุฏู ุง ุฏฺฏุฑุงู,ุฎุฑ,ุฎุฑ,ุฎุฑ,"ูฺ ุนูุงูู ุง ุจู ฺฉูุงุณ ุฏุฑุณ ูุฏุงุฑูโจ, ๐๐",ฺฉุงุฑ ุฏุฑ ุญูุฒู ููุฑุฏ ุนูุงูู ู ุฑุถุงุช ุดุบู,ูุณุจุชุง,ููู ู ุณุฑุงู ุฏุฏู,3,4,4,3,3,4,4,4,5,4,3,2,4,4,5,4,2,3,4,3,5,5,4,4,4,3,4,4,4,3,3,3,2,3,4,2,2,4,4,4,4,3,4,4,4,4,4,5,3,4,4,4,4,4,3,4,5,5,4,4,3,5,5,5,5,5,5,5,1,5,4,2,2,3,2,5,5,5,4,3,4,5,5,5,4,4,4,4,3,4,4,4,5,5,3,3,3,3,4,3,3,3
11/18/2025 9:02:10,ูููุซ,19,ุฏูพูู,ุณุงฺฉู ุงุฑุงู ูุณุชู,ุจุดุชุฑ ุงุฒ 60 ูููู ุชููุงู,4,ฺฉุงุฑุดูุงุณ,ฺฉุงุฑุดูุงุณ,ุบุฑุงูุชูุงุน,ุบุฑุงูุชูุงุน,ุงุฑุงู ุจูุฏู ุฑุงุถ ูุฒฺฉ ุจูุฏ ูู ุงูุฌุง computer/math/design technology ุฑู ูุฎููู,"ุนูุงูู ุดุฎุต, ููุงุฑุช ูุง ู ุชูุงูุง ูุง",ุจูู,ุจูู,ุจูู,"ูุญุชูุง ุฏุฑุณ, ูุฑุตุช ุงุฏฺฏุฑ ุนูู ุง ูพุฑูฺูโุง, ุขุฒุงุฏ ู ููุขูุฑ",ฺฉุงุฑ ุฏุฑ ุญูุฒู ููุฑุฏ ุนูุงูู ู ุฑุถุงุช ุดุบู,ุจูู,"ูุทุงูุนู ู ุฎูุงูุฏู ฺฉุชุงุจ, ูุฑุฒุด ู ูุนุงูุชโูุง ุจุฏู, ููุณู ฺฏูุด ุฏุงุฏู ุง ููุงุฎุชู ุณุงุฒ, ููุงุดุ ุทุฑุงุญ ุง ฺฉุงุฑูุง ููุฑ, ููู ู ุณุฑุงู ุฏุฏู, ุดุจฺฉูโูุง ุงุฌุชูุงุน ู ฺุช ุจุง ุฏูุณุชุงู, ฺฏุฑุฏุด ู ุทุจุนุชโฺฏุฑุฏ, ฺฉุงุฑูุง ูู ู ุณุงุฎุชู ฺุฒูุง ุฏุณุช, ููุช ฺฏุฐุฑุงู ุจุง ุฎุงููุงุฏู ู ุฏูุณุชุงู",4,5,5,4,4,3,3,4,4,2,3,4,3,3,4,3,4,4,4,3,5,4,4,3,4,4,4,5,4,4,3,3,3,4,3,3,3,5,5,5,5,5,4,4,3,4,3,3,4,4,3,4,3,4,3,2,2,1,1,1,1,1,3,2,4,5,5,3,2,5,4,2,4,4,3,4,4,4,3,3,5,5,4,5,5,5,4,1,2,5,5,5,4,5,4,4,3,3,4,4,3,5
11/18/2025 10:56:56,ูุฐฺฉุฑ,21,ุฏูพูู,ฺฉุฑูุงู / ุฑูุณูุฌุงู,ุจู 40 ุชุง 60 ูููู ุชููุงู,6,ฺฉุงุฑุดูุงุณ,ฺฉุงุฑุดูุงุณ,ุบุฑุงูุชูุงุน,ุฏููุช,ุฑูุฒูุงูู ูฺฏุงุฑ,ุนูุงูู ุดุฎุต,ูุณุจุชุง,ุจูู,ุจูู,ูุญุทุ ุงุฑุชุจุงุทุงุช ู ููุน ุงุฑุงุฆู ุฏุฑุณ ุจู ุฏุงูุดุฌู,ููููุช ูุงู ู ุฏุฑุขูุฏ ุจุงูุง,ุจูู,"ูุฑุฒุด ู ูุนุงูุชโูุง ุจุฏู, ููู ู ุณุฑุงู ุฏุฏู, ฺฏุฑุฏุด ู ุทุจุนุชโฺฏุฑุฏ, ูููุงูุ ุฎูุงุจ",4,5,5,5,1,3,2,4,2,3,5,5,5,4,5,4,2,3,5,2,5,3,3,3,4,2,2,4,5,3,2,3,5,5,4,4,4,5,5,5,5,5,5,3,4,3,4,5,4,5,5,5,5,5,5,3,3,3,3,3,4,4,3,3,5,4,5,4,4,5,5,4,5,5,1,1,3,2,3,1,2,5,3,3,3,5,5,5,5,5,5,5,4,4,4,5,4,5,4,5,4,5
11/18/2025 11:21:23,ูููุซ,21,ฺฉุงุฑุดูุงุณ,ุฒุฏ,ุจุดุชุฑ ุงุฒ 60 ูููู ุชููุงู,4,ฺฉุงุฑุดูุงุณ,ฺฉุงุฑุดูุงุณ,ุฏููุช,ุฏููุช,ูุดุงูุฑู,"ุนูุงูู ุดุฎุต, ุจุงุฒุงุฑฺฉุงุฑ ู ุขูุฏู ุดุบู",ุจูู,ุจูู,ุจูู,"ูุญุชูุง ุฏุฑุณ, ุชุนุงูู ุจุง ูุนูู ู ููฺฉูุงุณ ูุง, ูุฑุตุช ุงุฏฺฏุฑ ุนูู ุง ูพุฑูฺูโุง",ููููุช ูุงู ู ุฏุฑุขูุฏ ุจุงูุง,ูุณุจุชุง,"ุดุจฺฉูโูุง ุงุฌุชูุงุน ู ฺุช ุจุง ุฏูุณุชุงู, ููุช ฺฏุฐุฑุงู ุจุง ุฎุงููุงุฏู ู ุฏูุณุชุงู",5,3,5,4,4,2,5,2,5,5,4,5,4,2,5,5,5,5,5,3,2,2,4,4,3,1,1,2,5,5,3,1,5,3,3,4,2,1,4,2,4,2,4,4,4,5,5,5,4,5,5,5,5,5,5,5,5,5,5,5,5,5,2,2,2,2,5,5,4,5,5,2,3,5,1,2,3,1,2,1,3,5,1,1,2,4,2,3,2,4,1,2,5,4,5,5,5,5,5,5,5,5
11/18/2025 11:24:37,ูููุซ,25,ฺฉุงุฑุดูุงุณ,ูุฒุฏ,ุจุดุชุฑ ุงุฒ 60 ูููู ุชููุงู,4,ุชุญุตูุงุช ุงููู ู ูุชูุณุทู,ุชุญุตูุงุช ุงููู ู ูุชูุณุทู,ุฏููุช,ุฏููุช,ุญุณุงุจุฏุงุฑู,ุจุงุฒุงุฑฺฉุงุฑ ู ุขูุฏู ุดุบู,ูุณุจุชุง,ุฎุฑ,ุฎุฑ,ุชุนุงูู ุจุง ูุนูู ู ููฺฉูุงุณ ูุง,ุฒูุฏฺฏ ุฎุงููุงุฏฺฏ ู ุชุนุงุฏู ุดุฎุต,ุจูู,ููุช ฺฏุฐุฑุงู ุจุง ุฎุงููุงุฏู ู ุฏูุณุชุงู,3,4,4,2,2,1,2,2,2,3,5,5,4,4,4,3,5,4,4,4,2,2,2,3,3,2,4,2,3,2,4,1,5,3,2,4,3,2,2,3,4,4,2,3,4,2,4,2,2,3,3,3,2,3,3,3,3,2,4,2,4,3,4,3,4,3,3,3,2,4,2,3,2,2,4,3,3,4,2,3,3,3,2,4,3,3,2,3,4,1,2,4,4,2,1,2,3,2,4,2,4,4
11/18/2025 11:36:49,ูุฐฺฉุฑ,32,ฺฉุงุฑุดูุงุณ ุงุฑุดุฏ,ุฒุฏ,ุจุดุชุฑ ุงุฒ 60 ูููู ุชููุงู,3,ุฏฺฉุชุฑ,ุฏูพูู,ุบุฑุงูุชูุงุน,ููููู ุฏููุช ุง ุชุฒููุดุงู,ุฑุงุถ ูุฒฺฉ,ุนูุงูู ุดุฎุต,ุจูู,ุจูู,ุฎุฑ,"ูุฑุตุช ุงุฏฺฏุฑ ุนูู ุง ูพุฑูฺูโุง, ุขุฒุงุฏ ู ููุขูุฑ",ููููุช ูุงู ู ุฏุฑุขูุฏ ุจุงูุง,ุจูู,"ูุทุงูุนู ู ุฎูุงูุฏู ฺฉุชุงุจ, ูุฑุฒุด ู ูุนุงูุชโูุง ุจุฏู, ููุณู ฺฏูุด ุฏุงุฏู ุง ููุงุฎุชู ุณุงุฒ, ููุงุดุ ุทุฑุงุญ ุง ฺฉุงุฑูุง ููุฑ, ููู ู ุณุฑุงู ุฏุฏู, ุดุจฺฉูโูุง ุงุฌุชูุงุน ู ฺุช ุจุง ุฏูุณุชุงู, ุญุถูุฑ ุฏุฑ ูุนุงูุชโูุง ฺฏุฑูู ุง ุฏุงูุทูุจุงูู, ููุช ฺฏุฐุฑุงู ุจุง ุฎุงููุงุฏู ู ุฏูุณุชุงู",4,4,4,4,5,2,2,2,3,1,4,4,4,4,4,4,4,4,4,4,4,3,4,3,3,4,4,4,4,4,4,4,4,4,3,3,2,4,5,4,4,4,4,4,4,4,4,4,4,4,4,4,4,4,4,3,2,2,2,2,2,4,4,3,4,3,4,3,3,4,3,4,4,4,4,4,4,4,4,4,4,4,4,4,4,4,4,3,4,3,4,4,4,4,5,5,4,4,4,4,4,4
11/18/2025 11:39:53,ูุฐฺฉุฑ,23,ฺฉุงุฑุดูุงุณ,ุฒุฏ,ุจู 40 ุชุง 60 ูููู ุชููุงู,5,ุฏูพูู,ุชุญุตูุงุช ุงููู ู ูุชูุณุทู,ุฏููุช,ููููู ุฏููุช ุง ุชุฒููุดุงู,ูููุฏุณ ุตูุงุน,"ุนูุงูู ุดุฎุต, ููุงุฑุช ูุง ู ุชูุงูุง ูุง, ุจุงุฒุงุฑฺฉุงุฑ ู ุขูุฏู ุดุบู",ูุณุจุชุง,ุจูู,ุจูู,"ูุญุชูุง ุฏุฑุณ, ูุฑุตุช ุงุฏฺฏุฑ ุนูู ุง ูพุฑูฺูโุง",ููููุช ูุงู ู ุฏุฑุขูุฏ ุจุงูุง,ูุณุจุชุง,"ูุฑุฒุด ู ูุนุงูุชโูุง ุจุฏู, ููุณู ฺฏูุด ุฏุงุฏู ุง ููุงุฎุชู ุณุงุฒ, ููู ู ุณุฑุงู ุฏุฏู, ุดุจฺฉูโูุง ุงุฌุชูุงุน ู ฺุช ุจุง ุฏูุณุชุงู, ฺฏุฑุฏุด ู ุทุจุนุชโฺฏุฑุฏ, ููุช ฺฏุฐุฑุงู ุจุง ุฎุงููุงุฏู ู ุฏูุณุชุงู",4,4,5,4,4,4,3,4,4,5,3,4,2,4,4,3,4,4,4,3,4,4,4,4,5,3,3,4,4,3,4,5,5,4,4,4,4,2,4,3,4,2,4,4,4,4,4,4,4,5,5,5,4,5,5,4,4,5,4,4,4,1,3,1,4,3,2,4,1,4,4,1,4,2,5,4,4,5,3,4,3,5,4,3,3,4,1,2,4,4,3,4,4,4,4,4,4,3,4,5,4,4
11/18/2025 11:57:16,ูููุซ,19,ฺฉุงุฑุดูุงุณ ุงุฑุดุฏ,ุฒุฏ ,ฺฉูุชุฑ ุงุฒ 20 ูููู ุชููุงู,5,ุฏูพูู,ุฏูพูู,ุฏููุช,ุฏููุช,ูฺฉุฑูุจูููฺ ,ุจุงุฒุงุฑฺฉุงุฑ ู ุขูุฏู ุดุบู,ูุณุจุชุง,ูุณุจุชุง,ุจูู,"ุชุนุงูู ุจุง ูุนูู ู ููฺฉูุงุณ ูุง, ุขุฒุงุฏ ู ููุขูุฑ",ููููุช ูุงู ู ุฏุฑุขูุฏ ุจุงูุง,ุฎุฑ,"ูุทุงูุนู ู ุฎูุงูุฏู ฺฉุชุงุจ, ููุช ฺฏุฐุฑุงู ุจุง ุฎุงููุงุฏู ู ุฏูุณุชุงู",4,5,4,5,5,2,1,5,5,4,2,2,2,1,5,1,5,5,5,4,3,3,3,4,5,3,2,3,5,4,5,4,1,2,3,5,5,5,5,5,4,5,4,5,5,3,3,3,3,1,1,2,2,5,5,4,5,5,5,5,4,4,3,4,4,4,5,5,1,5,5,5,4,2,1,5,2,2,5,1,2,5,5,4,4,5,2,4,1,1,1,1,4,5,3,4,4,4,4,1,2,4
11/18/2025 12:06:23,ูููุซ,24,ฺฉุงุฑุดูุงุณ ุงุฑุดุฏ,ุฒุฏ,ุจุดุชุฑ ุงุฒ 60 ูููู ุชููุงู,2,ุฏูพูู,ุชุญุตูุงุช ุงููู ู ูุชูุณุทู,ุฏููุช,ุฏููุช,ุฑุดุชู ูุง ูู,"ุนูุงูู ุดุฎุต, ููุงุฑุช ูุง ู ุชูุงูุง ูุง, ูุดุงูุฑู ูุงูุฏู ุง ุฏฺฏุฑุงู, ุจุงุฒุงุฑฺฉุงุฑ ู ุขูุฏู ุดุบู",ุจูู,ุจูู,ุจูู,"ุชุนุงูู ุจุง ูุนูู ู ููฺฉูุงุณ ูุง, ูุฑุตุช ุงุฏฺฏุฑ ุนูู ุง ูพุฑูฺูโุง",ููููุช ูุงู ู ุฏุฑุขูุฏ ุจุงูุง,ุจูู,"ฺฏุฑุฏุด ู ุทุจุนุชโฺฏุฑุฏ, ููุช ฺฏุฐุฑุงู ุจุง ุฎุงููุงุฏู ู ุฏูุณุชุงู",4,4,5,5,5,5,4,3,4,4,4,5,4,4,4,5,5,5,5,5,4,4,4,2,4,5,4,5,5,5,5,5,3,3,3,3,3,5,5,5,5,5,5,5,5,5,5,5,5,5,5,5,5,5,5,5,5,5,5,5,5,5,5,5,5,5,5,5,5,5,5,5,5,5,5,5,5,5,5,5,5,5,5,5,5,5,5,5,5,5,5,5,5,5,5,5,5,5,5,5,5,5
11/18/2025 12:45:33,ูููุซ,24,ฺฉุงุฑุดูุงุณ ุงุฑุดุฏ,ุฒุฏ,ุจู 40 ุชุง 60 ูููู ุชููุงู,4,ุฏฺฉุชุฑ,ฺฉุงุฑุดูุงุณ,ุฏููุช,ุฏููุช,ุฑุดุชู ูุง ูู,"ุนูุงูู ุดุฎุต, ููุงุฑุช ูุง ู ุชูุงูุง ูุง, ุจุงุฒุงุฑฺฉุงุฑ ู ุขูุฏู ุดุบู",ูุณุจุชุง,ูุณุจุชุง,ุฎุฑ,"ุขุฒุงุฏ ู ููุขูุฑ, ูฺ ุนูุงูู ุง ุจู ฺฉูุงุณ ุฏุฑุณ ูุฏุงุฑูโจ",ฺฉุงุฑ ุฏุฑ ุญูุฒู ููุฑุฏ ุนูุงูู ู ุฑุถุงุช ุดุบู,ุจูู,"ููู ู ุณุฑุงู ุฏุฏู, ุดุจฺฉูโูุง ุงุฌุชูุงุน ู ฺุช ุจุง ุฏูุณุชุงู, ููุช ฺฏุฐุฑุงู ุจุง ุฎุงููุงุฏู ู ุฏูุณุชุงู",4,5,5,4,4,2,2,4,4,3,2,4,2,2,4,3,4,3,4,4,3,2,2,3,4,1,1,2,5,2,4,4,2,2,3,3,4,4,5,5,5,3,4,4,4,4,5,5,3,4,4,4,4,5,5,4,4,4,4,2,5,1,2,2,5,4,3,3,4,5,4,4,3,4,4,4,4,3,3,3,3,5,5,5,4,4,4,3,3,3,3,4,3,4,3,5,5,4,4,4,4,5
11/18/2025 13:34:57,ูููุซ,24,ุฏูพูู,ุฒุฏ,ุจู 40 ุชุง 60 ูููู ุชููุงู,4,ฺฉุงุฑุดูุงุณ,ฺฉุงุฑุดูุงุณ,ููููู ุฏููุช ุง ุชุฒููุดุงู,ููููู ุฏููุช ุง ุชุฒููุดุงู,ูพุฒุดฺฉ,"ุนูุงูู ุดุฎุต, ูุดุงูุฑู ูุงูุฏู ุง ุฏฺฏุฑุงู",ูุณุจุชุง,ูุณุจุชุง,ุจูู,"ูุญุชูุง ุฏุฑุณ, ุชุนุงูู ุจุง ูุนูู ู ููฺฉูุงุณ ูุง",ููููุช ูุงู ู ุฏุฑุขูุฏ ุจุงูุง,ูุณุจุชุง,"ูุทุงูุนู ู ุฎูุงูุฏู ฺฉุชุงุจ, ูุฑุฒุด ู ูุนุงูุชโูุง ุจุฏู, ููู ู ุณุฑุงู ุฏุฏู, ุดุจฺฉูโูุง ุงุฌุชูุงุน ู ฺุช ุจุง ุฏูุณุชุงู, ููุช ฺฏุฐุฑุงู ุจุง ุฎุงููุงุฏู ู ุฏูุณุชุงู",3,4,5,3,4,2,5,5,5,5,4,5,4,3,5,5,5,4,5,3,2,3,3,3,3,4,4,5,5,4,5,3,4,4,4,4,4,4,1,3,3,4,3,4,5,5,5,4,5,5,5,5,5,5,5,5,5,5,5,5,5,4,4,4,5,4,4,4,4,5,4,5,5,3,5,4,4,4,4,4,4,5,5,4,3,5,4,4,5,4,4,4,5,4,4,4,5,4,4,5,5,5
11/18/2025 14:05:14,ูุฐฺฉุฑ,28,ุฏูพูู,ุจูุดูุฑ,ุจู 20 ุชุง 40 ูููู ุชููุงู,7,ุฏูพูู,ุชุญุตูุงุช ุงููู ู ูุชูุณุทู,ุฏููุช,ุฏููุช,ุฑุดุชู ูุง ูู,ุฏุฑุณ ูุฎูุงู ุจูุฏูุ ุฑูุชู ููโุญุฑููโุง :D,ุจูู,ูุณุจุชุง,ุจูู,ูฺ ุนูุงูู ุง ุจู ฺฉูุงุณ ุฏุฑุณ ูุฏุงุฑูโจ,ฺฉุงุฑ ุฏุฑ ุญูุฒู ููุฑุฏ ุนูุงูู ู ุฑุถุงุช ุดุบู,ุฎุฑ,ุดุจฺฉูโูุง ุงุฌุชูุงุน ู ฺุช ุจุง ุฏูุณุชุงู,1,2,3,1,3,1,1,1,2,2,1,2,1,4,2,1,2,5,4,3,1,2,5,1,1,1,1,3,4,4,1,1,1,3,1,4,1,1,4,4,4,3,2,5,1,5,5,5,1,3,4,1,1,4,2,1,2,3,2,3,3,1,1,1,3,1,1,1,1,3,1,1,3,1,1,2,1,1,1,1,3,2,1,3,1,2,1,1,1,1,1,1,5,5,4,4,5,1,3,2,2,4
11/18/2025 14:08:11,ูุฐฺฉุฑ,24,ฺฉุงุฑุดูุงุณ,ุฒุฏ,ุจู 20 ุชุง 40 ูููู ุชููุงู,1,ฺฉุงุฑุดูุงุณ,ุฏฺฉุชุฑ,ููููู ุฏููุช ุง ุชุฒููุดุงู,ููููู ุฏููุช ุง ุชุฒููุดุงู,ูุจุงุณ,ุนูุงูู ุดุฎุต,ุจูู,ุจูู,ุจูู,"ูุญุชูุง ุฏุฑุณ, ุชุนุงูู ุจุง ูุนูู ู ููฺฉูุงุณ ูุง, ูุฑุตุช ุงุฏฺฏุฑ ุนูู ุง ูพุฑูฺูโุง, ุขุฒุงุฏ ู ููุขูุฑ",ฺฉุงุฑ ุฏุฑ ุญูุฒู ููุฑุฏ ุนูุงูู ู ุฑุถุงุช ุดุบู,ุจูู,"ุจุงุฒโูุง ูุฏู ุง ููุจุงู ู ูุทุงูุนู ฺฉุชุงุจ ูุง ูุตูุฑ, ููุงุดุ ุทุฑุงุญ ุง ฺฉุงุฑูุง ููุฑ, ููู ู ุณุฑุงู ุฏุฏู",5,5,5,5,5,5,5,5,5,5,5,5,5,5,5,5,5,1,5,4,4,4,3,3,3,3,3,3,3,3,3,3,3,3,3,3,3,3,3,3,3,3,3,3,3,3,3,3,3,3,3,3,3,3,3,3,3,3,3,3,3,3,3,3,3,3,3,2,3,2,3,3,3,3,3,3,3,3,3,3,3,3,3,3,3,3,3,3,3,3,2,3,3,3,3,3,3,3,3,3,3,3
11/18/2025 14:26:18,ูุฐฺฉุฑ,34,ฺฉุงุฑุดูุงุณ,ูุงุฆูุดูุฑ ,ุจู 20 ุชุง 40 ูููู ุชููุงู,3,ุฏูพูู,ุฏูพูู,ุฏููุช,ุบุฑุงูุชูุงุน,ุฑุงุถ ูุฒฺฉ,ุนูุงูู ุดุฎุต,ูุณุจุชุง,ูุณุจุชุง,ุจูู,"ูุฑุตุช ุงุฏฺฏุฑ ุนูู ุง ูพุฑูฺูโุง, ุขุฒุงุฏ ู ููุขูุฑ",ุงุฏุงูู ุชุญุตู ู ุงุฏฺฏุฑ ุชุฎุตุต,ุจูู,"ูุทุงูุนู ู ุฎูุงูุฏู ฺฉุชุงุจ, ููุงุดุ ุทุฑุงุญ ุง ฺฉุงุฑูุง ููุฑ, ุญุถูุฑ ุฏุฑ ูุนุงูุชโูุง ฺฏุฑูู ุง ุฏุงูุทูุจุงูู",5,5,5,5,5,2,2,2,3,3,4,4,4,4,4,5,4,5,5,4,3,4,3,3,3,5,5,5,4,4,5,4,4,4,3,3,3,5,5,5,5,5,4,5,5,5,5,5,5,4,4,4,4,4,4,3,4,3,3,3,3,3,3,3,5,4,3,3,1,1,1,1,2,2,4,4,3,4,4,3,4,4,4,5,5,5,5,5,5,5,5,5,5,5,5,5,5,4,4,4,5,5
11/18/2025 14:42:48,ูููุซ,21,ฺฉุงุฑุดูุงุณ,ุงุณุชุงู ุฒุฏ ุดูุฑ ุฒุฏ,ุจู 20 ุชุง 40 ูููู ุชููุงู,4,ุฏูพูู,ุฏูพูู,ุบุฑุงูุชูุงุน,ููููู ุฏููุช ุง ุชุฒููุดุงู,ุญุณุงุจุฏุงุฑ,"ุนูุงูู ุดุฎุต, ุจุงุฒุงุฑฺฉุงุฑ ู ุขูุฏู ุดุบู",ุจูู,ุจูู,ุจูู,"ุชุนุงูู ุจุง ูุนูู ู ููฺฉูุงุณ ูุง, ูุฑุตุช ุงุฏฺฏุฑ ุนูู ุง ูพุฑูฺูโุง",ููููุช ูุงู ู ุฏุฑุขูุฏ ุจุงูุง,ูุณุจุชุง,"ูุทุงูุนู ู ุฎูุงูุฏู ฺฉุชุงุจ, ููู ู ุณุฑุงู ุฏุฏู, ููุช ฺฏุฐุฑุงู ุจุง ุฎุงููุงุฏู ู ุฏูุณุชุงู",3,4,4,3,4,4,4,3,4,4,5,5,5,4,4,4,5,5,5,4,3,3,3,2,3,2,4,4,4,5,5,4,3,4,4,4,4,2,3,4,3,2,2,5,5,5,5,5,5,5,5,5,5,5,5,5,5,5,4,5,5,4,4,4,5,5,4,5,1,5,5,4,4,4,5,5,4,5,4,5,3,4,2,3,2,4,2,2,2,3,2,2,5,5,4,4,5,5,4,5,5,5
11/18/2025 14:56:59,ูุฐฺฉุฑ,17,ฺฉูุงุณ ุงุฒุฏูู,ุฒุฏ,ฺฉูุชุฑ ุงุฒ 20 ูููู ุชููุงู,4,ฺฉุงุฑุดูุงุณ,ฺฉุงุฑุดูุงุณ ุงุฑุดุฏ,ุบุฑุงูุชูุงุน,ููููู ุฏููุช ุง ุชุฒููุดุงู,ุนููู ุชุฌุฑุจ,ุนูุงูู ุดุฎุต,ุจูู,ุจูู,ุจูู,ูุญุชูุง ุฏุฑุณ,ุงุฏุงูู ุชุญุตู ู ุงุฏฺฏุฑ ุชุฎุตุต,ุจูู,"ูุทุงูุนู ู ุฎูุงูุฏู ฺฉุชุงุจ, ูุฑุฒุด ู ูุนุงูุชโูุง ุจุฏู, ููู ู ุณุฑุงู ุฏุฏู",5,5,5,5,5,5,5,5,5,5,3,5,2,5,5,5,5,5,5,5,5,5,4,4,4,5,5,5,5,5,5,5,5,5,5,5,5,5,5,5,5,5,5,5,5,5,5,5,5,5,5,5,5,5,5,5,5,4,5,5,5,5,5,5,5,5,5,4,4,5,5,5,5,5,5,5,5,5,5,5,5,5,5,5,5,5,5,5,4,5,5,5,5,5,5,3,5,4,5,5,5,5
11/18/2025 15:44:54,ูุฐฺฉุฑ,28,ฺฉุงุฑุดูุงุณ ุงุฑุดุฏ,ุฒุฏ,ุจู 40 ุชุง 60 ูููู ุชููุงู,6,ุชุญุตูุงุช ุงููู ู ูุชูุณุทู,ุชุญุตูุงุช ุงููู ู ูุชูุณุทู,ุบุฑุงูุชูุงุน,ุบุฑุงูุชูุงุน,ฺูุชฺฉ ูููฺฉูู,"ุนูุงูู ุดุฎุต, ุชุง ุญุฏ ูุฌุจูุฑ",ุจูู,ุจูู,ุจูู,"ูุญุชูุง ุฏุฑุณ, ูุฑุตุช ุงุฏฺฏุฑ ุนูู ุง ูพุฑูฺูโุง, ุขุฒุงุฏ ู ููุขูุฑ",ุงุฏุงูู ุชุญุตู ู ุงุฏฺฏุฑ ุชุฎุตุต,ูุณุจุชุง,"ุญุถูุฑ ุฏุฑ ูุนุงูุชโูุง ฺฏุฑูู ุง ุฏุงูุทูุจุงูู, ููุช ฺฏุฐุฑุงู ุจุง ุฎุงููุงุฏู ู ุฏูุณุชุงู",4,4,5,4,5,3,2,2,5,4,1,3,2,4,2,5,4,5,4,4,3,3,3,2,3,2,3,3,4,3,3,4,5,4,4,4,5,4,5,4,4,4,4,5,4,3,4,4,4,4,4,3,4,3,3,4,4,3,3,4,5,3,4,3,5,3,5,3,2,5,4,2,5,1,5,5,3,4,4,5,3,2,3,4,2,4,3,4,3,3,3,3,5,4,4,4,4,1,4,3,3,3
11/18/2025 16:34:26,ูููุซ,24,ฺฉุงุฑุดูุงุณ ุงุฑุดุฏ,ุฒุฏ,ุจู 40 ุชุง 60 ูููู ุชููุงู,4,ุชุญุตูุงุช ุงููู ู ูุชูุณุทู,ุฏูพูู,ุบุฑุงูุชูุงุน,ุบุฑุงูุชูุงุน,ูููุฏุณ ูพุฒุดฺฉ,ุนูุงูู ุดุฎุต,ุจูู,ุจูู,ุจูู,"ูุฑุตุช ุงุฏฺฏุฑ ุนูู ุง ูพุฑูฺูโุง, ุขุฒุงุฏ ู ููุขูุฑ",ฺฉุงุฑ ุฏุฑ ุญูุฒู ููุฑุฏ ุนูุงูู ู ุฑุถุงุช ุดุบู,ุจูู,"ูุฑุฒุด ู ูุนุงูุชโูุง ุจุฏู, ููุณู ฺฏูุด ุฏุงุฏู ุง ููุงุฎุชู ุณุงุฒ, ููู ู ุณุฑุงู ุฏุฏู, ุดุจฺฉูโูุง ุงุฌุชูุงุน ู ฺุช ุจุง ุฏูุณุชุงู, ฺฏุฑุฏุด ู ุทุจุนุชโฺฏุฑุฏ, ููุช ฺฏุฐุฑุงู ุจุง ุฎุงููุงุฏู ู ุฏูุณุชุงู",3,4,5,4,4,4,4,4,4,5,4,4,4,4,4,4,4,4,4,3,3,4,4,3,4,3,3,4,4,4,4,4,4,4,4,4,4,5,5,4,4,4,4,4,4,4,4,4,4,4,4,4,4,4,4,4,4,4,4,4,4,4,4,4,4,4,4,4,2,4,4,4,4,4,5,5,4,5,4,5,4,5,4,4,4,4,4,4,4,4,4,4,4,4,4,4,4,4,4,4,4,4
11/18/2025 16:51:35,ูููุซ,46,ฺฉุงุฑุดูุงุณ ุงุฑุดุฏ,ุชูุฑุงู,ุจุดุชุฑ ุงุฒ 60 ูููู ุชููุงู,2,ุชุญุตูุงุช ุงููู ู ูุชูุณุทู,ุฏูพูู,ุฏููุช,ุฏููุช,ฺฏุฑุงูฺฉ,ุนูุงูู ุดุฎุต,ุจูู,ุจูู,ุจูู,ุขุฒุงุฏ ู ููุขูุฑ,ฺฉุงุฑ ุฏุฑ ุญูุฒู ููุฑุฏ ุนูุงูู ู ุฑุถุงุช ุดุบู,ูุณุจุชุง,"ููุณู ฺฏูุด ุฏุงุฏู ุง ููุงุฎุชู ุณุงุฒ, ููุงุดุ ุทุฑุงุญ ุง ฺฉุงุฑูุง ููุฑ, ููู ู ุณุฑุงู ุฏุฏู, ฺฏุฑุฏุด ู ุทุจุนุชโฺฏุฑุฏ",3,5,5,3,5,4,4,3,2,1,3,5,5,2,2,3,2,4,5,2,4,2,3,3,3,1,4,3,5,5,5,5,2,5,4,4,5,5,5,5,5,5,4,3,4,5,4,2,3,2,4,5,5,5,3,2,2,1,2,5,1,4,4,5,4,5,5,5,1,4,3,1,4,5,4,1,3,4,3,1,5,4,4,5,5,5,5,4,4,5,4,5,4,4,3,3,3,4,2,3,2,5
11/18/2025 16:59:47,ูุฐฺฉุฑ,17,ฺฉูุงุณ ุงุฒุฏูู,ุฒุฏ,ุจู 40 ุชุง 60 ูููู ุชููุงู,3,ุชุญุตูุงุช ุงููู ู ูุชูุณุทู,ุฏูพูู,ุฏููุช,ููููู ุฏููุช ุง ุชุฒููุดุงู,ุนููู ุชุฌุฑุจ,"ุนูุงูู ุดุฎุต, ููุงุฑุช ูุง ู ุชูุงูุง ูุง",ุจูู,ุจูู,ุจูู,"ูุญุชูุง ุฏุฑุณ, ุชุนุงูู ุจุง ูุนูู ู ููฺฉูุงุณ ูุง, ูุฑุตุช ุงุฏฺฏุฑ ุนูู ุง ูพุฑูฺูโุง, ุขุฒุงุฏ ู ููุขูุฑ",ุงุฏุงูู ุชุญุตู ู ุงุฏฺฏุฑ ุชุฎุตุต,ูุณุจุชุง,"ุจุงุฒโูุง ูุฏู ุง ููุจุงู ู ูุทุงูุนู ฺฉุชุงุจ ูุง ูุตูุฑ, ูุฑุฒุด ู ูุนุงูุชโูุง ุจุฏู, ููู ู ุณุฑุงู ุฏุฏู, ฺฉุงุฑูุง ูู ู ุณุงุฎุชู ฺุฒูุง ุฏุณุช, ููุช ฺฏุฐุฑุงู ุจุง ุฎุงููุงุฏู ู ุฏูุณุชุงู",4,4,5,4,4,3,4,4,4,4,5,4,5,4,5,4,4,5,5,5,5,4,4,5,4,3,4,5,4,4,4,5,5,5,4,4,4,5,5,4,5,5,4,4,4,5,5,4,5,5,4,4,4,4,4,4,5,3,4,4,3,3,3,3,4,5,4,5,2,3,4,4,5,4,5,5,4,5,5,4,4,5,4,5,5,5,5,5,5,5,5,5,4,4,4,4,4,5,4,4,4,4
11/18/2025 17:08:44,ูุฐฺฉุฑ,16,ฺฉูุงุณ ุงุฒุฏูู,ุฒุฏ,ุจู 20 ุชุง 40 ูููู ุชููุงู,5,ุฏูพูู,ุชุญุตูุงุช ุงููู ู ูุชูุณุทู,ุฏููุช,ููููู ุฏููุช ุง ุชุฒููุดุงู,ุนููู ุชุฌุฑุจ,ุนูุงูู ุดุฎุต,ุจูู,ุจูู,ุจูู,ุชุนุงูู ุจุง ูุนูู ู ููฺฉูุงุณ ูุง,ููููุช ูุงู ู ุฏุฑุขูุฏ ุจุงูุง,ูุณุจุชุง,ูุทุงูุนู ู ุฎูุงูุฏู ฺฉุชุงุจ,3,4,4,4,4,4,4,4,5,5,4,4,4,4,5,5,5,5,5,5,5,5,5,5,5,3,4,4,3,3,3,5,5,5,5,5,5,3,5,4,4,3,3,4,4,4,4,4,4,4,4,4,4,4,3,4,4,4,4,4,4,4,4,5,4,4,4,4,3,3,5,3,2,3,5,5,5,4,4,4,3,4,4,4,4,4,5,4,3,5,4,3,5,5,5,5,5,5,5,5,5,5
11/18/2025 17:24:39,ูุฐฺฉุฑ,16,ฺฉูุงุณ ุงุฒุฏูู,ุฒุฏ,ุจู 20 ุชุง 40 ูููู ุชููุงู,4,ฺฉุงุฑุดูุงุณ,ฺฉุงุฑุดูุงุณ,ุบุฑุงูุชูุงุน,ููููู ุฏููุช ุง ุชุฒููุดุงู,ุนููู ุชุฌุฑุจ,"ุนูุงูู ุดุฎุต, ุจุงุฒุงุฑฺฉุงุฑ ู ุขูุฏู ุดุบู",ุจูู,ุจูู,ุจูู,ุชุนุงูู ุจุง ูุนูู ู ููฺฉูุงุณ ูุง,ููููุช ูุงู ู ุฏุฑุขูุฏ ุจุงูุง,ุจูู,"ูุฑุฒุด ู ูุนุงูุชโูุง ุจุฏู, ููุช ฺฏุฐุฑุงู ุจุง ุฎุงููุงุฏู ู ุฏูุณุชุงู",2,4,4,3,4,4,4,2,5,4,2,3,3,3,4,4,4,4,4,3,3,3,2,3,3,2,2,3,4,2,3,3,4,4,3,4,3,2,3,3,3,2,3,4,4,4,4,4,3,3,3,3,3,3,3,4,4,4,4,4,4,3,2,3,3,3,3,3,1,3,3,2,2,3,3,3,3,3,3,2,2,4,3,2,2,3,3,3,2,3,3,3,3,3,3,3,3,3,3,3,3,3
11/18/2025 18:44:07,ูุฐฺฉุฑ,17,ฺฉูุงุณ ุงุฒุฏูู,ุฒุฏ,ุจุดุชุฑ ุงุฒ 60 ูููู ุชููุงู,4,ฺฉุงุฑุดูุงุณ ุงุฑุดุฏ,ฺฉุงุฑุดูุงุณ ุงุฑุดุฏ,ููููู ุฏููุช ุง ุชุฒููุดุงู,ููููู ุฏููุช ุง ุชุฒููุดุงู,ุนููู ุชุฌุฑุจ,"ุนูุงูู ุดุฎุต, ุจุงุฒุงุฑฺฉุงุฑ ู ุขูุฏู ุดุบู",ูุณุจุชุง,ุจูู,ุจูู,"ูุญุชูุง ุฏุฑุณ, ุชุนุงูู ุจุง ูุนูู ู ููฺฉูุงุณ ูุง, ูุฑุตุช ุงุฏฺฏุฑ ุนูู ุง ูพุฑูฺูโุง",ฺฉุงุฑ ุฏุฑ ุญูุฒู ููุฑุฏ ุนูุงูู ู ุฑุถุงุช ุดุบู,ุจูู,"ูุฑุฒุด ู ูุนุงูุชโูุง ุจุฏู, ุดุจฺฉูโูุง ุงุฌุชูุงุน ู ฺุช ุจุง ุฏูุณุชุงู, ููุช ฺฏุฐุฑุงู ุจุง ุฎุงููุงุฏู ู ุฏูุณุชุงู",4,4,5,4,4,4,4,2,4,2,5,2,4,2,3,5,5,3,4,2,1,5,5,5,5,5,5,5,5,5,5,5,5,5,5,5,5,5,5,2,2,3,4,2,1,5,5,2,2,5,5,5,5,2,5,3,5,1,2,5,4,4,5,5,5,3,4,2,2,2,4,5,4,5,5,4,5,5,5,4,5,5,4,4,1,3,2,3,4,5,1,5,1,5,2,5,1,5,1,5,2,4
11/18/2025 18:44:58,ูุฐฺฉุฑ,16,ฺฉูุงุณ ุงุฒุฏูู,ุฒุฏ,ุจู 40 ุชุง 60 ูููู ุชููุงู,4,ุฏฺฉุชุฑ,ุฏูพูู,ุบุฑุงูุชูุงุน,ุฏููุช,ุนููู ุชุฌุฑุจ,"ุนูุงูู ุดุฎุต, ุจุงุฒุงุฑฺฉุงุฑ ู ุขูุฏู ุดุบู",ุจูู,ุจูู,ุจูู,"ูุญุชูุง ุฏุฑุณ, ุชุนุงูู ุจุง ูุนูู ู ููฺฉูุงุณ ูุง",ููููุช ูุงู ู ุฏุฑุขูุฏ ุจุงูุง,ุจูู,"ุจุงุฒโูุง ูุฏู ุง ููุจุงู ู ูุทุงูุนู ฺฉุชุงุจ ูุง ูุตูุฑ, ูุฑุฒุด ู ูุนุงูุชโูุง ุจุฏู, ุดุจฺฉูโูุง ุงุฌุชูุงุน ู ฺุช ุจุง ุฏูุณุชุงู",3,4,5,3,4,2,2,3,5,4,2,4,2,2,3,3,4,4,4,3,3,2,2,2,2,2,3,4,4,3,5,2,2,2,3,3,2,3,4,3,3,2,1,3,3,3,3,3,3,4,4,3,3,3,3,3,5,4,3,5,4,3,3,3,4,3,3,3,1,3,2,1,1,2,1,3,3,2,2,1,4,5,3,3,3,3,2,2,1,3,3,4,4,4,4,4,5,2,3,2,3,3
11/18/2025 19:05:24,ูุฐฺฉุฑ,17,ฺฉูุงุณ ุงุฒุฏูู,ุฒุฏ,ุจู 40 ุชุง 60 ูููู ุชููุงู,4,ฺฉุงุฑุดูุงุณ,ุชุญุตูุงุช ุงููู ู ูุชูุณุทู,ููููู ุฏููุช ุง ุชุฒููุดุงู,ููููู ุฏููุช ุง ุชุฒููุดุงู,ุนููู ุชุฌุฑุจ,"ูุดุงูุฑู ูุงูุฏู ุง ุฏฺฏุฑุงู, ุจุงุฒุงุฑฺฉุงุฑ ู ุขูุฏู ุดุบู",ูุณุจุชุง,ูุณุจุชุง,ุจูู,"ูุญุชูุง ุฏุฑุณ, ูุฑุตุช ุงุฏฺฏุฑ ุนูู ุง ูพุฑูฺูโุง",ููููุช ูุงู ู ุฏุฑุขูุฏ ุจุงูุง,ุจูู,"ุจุงุฒโูุง ูุฏู ุง ููุจุงู ู ูุทุงูุนู ฺฉุชุงุจ ูุง ูุตูุฑ, ููุณู ฺฏูุด ุฏุงุฏู ุง ููุงุฎุชู ุณุงุฒ, ููู ู ุณุฑุงู ุฏุฏู, ุดุจฺฉูโูุง ุงุฌุชูุงุน ู ฺุช ุจุง ุฏูุณุชุงู, ููุช ฺฏุฐุฑุงู ุจุง ุฎุงููุงุฏู ู ุฏูุณุชุงู",4,4,5,5,5,2,2,5,4,4,5,5,5,3,4,4,4,4,5,5,4,5,4,3,4,3,3,5,4,4,4,5,3,4,3,4,4,3,5,5,3,3,4,4,4,5,4,5,5,5,5,5,4,5,4,4,3,4,4,3,5,3,3,3,4,5,3,2,1,5,5,3,4,4,4,4,3,3,3,4,3,3,4,3,3,5,3,4,4,4,3,4,4,5,5,4,4,5,5,4,4,4
11/18/2025 22:06:02,ูุฐฺฉุฑ,17,ฺฉูุงุณ ุงุฒุฏูู,ุฒุฏ,ุจุดุชุฑ ุงุฒ 60 ูููู ุชููุงู,5,ูุณุงูุณ,ุชุญุตูุงุช ุงููู ู ูุชูุณุทู,ุฏููุช,ููููู ุฏููุช ุง ุชุฒููุดุงู,ุนููู ุชุฌุฑุจ,ููุงุฑุช ูุง ู ุชูุงูุง ูุง,ูุณุจุชุง,ูุณุจุชุง,ุจูู,ุฏุฑุณ ู ููฺฉูุงุณ ูุง,ููููุช ูุงู ู ุฏุฑุขูุฏ ุจุงูุง,ูุณุจุชุง,"ูุทุงูุนู ู ุฎูุงูุฏู ฺฉุชุงุจ, ูุฑุฒุด ู ูุนุงูุชโูุง ุจุฏู, ููุงุดุ ุทุฑุงุญ ุง ฺฉุงุฑูุง ููุฑ, ููู ู ุณุฑุงู ุฏุฏู, ุดุจฺฉูโูุง ุงุฌุชูุงุน ู ฺุช ุจุง ุฏูุณุชุงู, ฺฏุฑุฏุด ู ุทุจุนุชโฺฏุฑุฏ, ููุช ฺฏุฐุฑุงู ุจุง ุฎุงููุงุฏู ู ุฏูุณุชุงู",3,4,5,4,4,2,3,3,5,2,4,5,4,4,4,3,4,4,5,4,4,3,3,3,3,3,4,4,5,4,4,4,3,3,3,4,2,4,3,4,4,4,3,4,3,4,4,4,3,4,2,3,4,4,3,4,5,5,3,3,3,3,4,3,3,4,4,3,1,4,4,3,3,3,3,4,3,4,3,3,4,5,3,4,4,5,4,4,5,4,5,4,3,3,4,3,4,4,4,3,4,4
11/18/2025 23:10:34,ูุฐฺฉุฑ,17,ฺฉูุงุณ ุฏูู,Yazd,ุจุดุชุฑ ุงุฒ 60 ูููู ุชููุงู,4,ฺฉุงุฑุดูุงุณ,ฺฉุงุฑุดูุงุณ ุงุฑุดุฏ,ุบุฑุงูุชูุงุน,ููููู ุฏููุช ุง ุชุฒููุดุงู,ุนููู ุชุฌุฑุจ,"ุนูุงูู ุดุฎุต, ุจุงุฒุงุฑฺฉุงุฑ ู ุขูุฏู ุดุบู",ุจูู,ุจูู,ุจูู,ูุญุชูุง ุฏุฑุณ,ููููุช ูุงู ู ุฏุฑุขูุฏ ุจุงูุง,ุจูู,ูุทุงูุนู ู ุฎูุงูุฏู ฺฉุชุงุจ,3,5,3,4,4,3,4,3,5,3,3,3,4,4,3,3,4,5,4,2,4,2,3,3,2,4,2,3,3,2,5,4,5,2,3,2,3,1,4,4,5,1,3,4,4,4,5,4,3,3,3,4,4,2,4,2,3,4,3,4,5,5,4,2,4,4,5,3,2,5,4,1,5,1,5,3,5,4,1,5,4,3,1,4,5,4,5,5,3,5,5,5,5,4,4,4,4,5,3,5,3,5
11/22/2025 16:11:39,ูุฐฺฉุฑ,18,"ุฏูพูู, ฺฉูุงุณ ุฏูุงุฒุฏูู",,,4,ฺฉุงุฑุดูุงุณ,ุฏฺฉุชุฑ,ููููู ุฏููุช ุง ุชุฒููุดุงู,ููููู ุฏููุช ุง ุชุฒููุดุงู,ูพุฒุดฺฉ,"ููุงุฑุช ูุง ู ุชูุงูุง ูุง, ูุดุงูุฑู ูุงูุฏู ุง ุฏฺฏุฑุงู, ุจุงุฒุงุฑฺฉุงุฑ ู ุขูุฏู ุดุบู, ุจูุง ุจู ฺฏุณุชุฑุฏฺฏ ูุณุฑูุง ุดุบู ฺฉู ูุทูุฆูุง ุดุงูู ุนูุงู ู ุชูุงูุง ูุง ูู ูู ูุดูุฏ",ุจูู,ูุณุจุชุง,ุจูู,"ูุญุชูุง ุฏุฑุณ, ุชุนุงูู ุจุง ูุนูู ู ููฺฉูุงุณ ูุง, ูุฑุตุช ุงุฏฺฏุฑ ุนูู ุง ูพุฑูฺูโุง",ุฒูุฏฺฏ ุฎุงููุงุฏฺฏ ู ุชุนุงุฏู ุดุฎุต,ุจูู,"ูุทุงูุนู ู ุฎูุงูุฏู ฺฉุชุงุจ, ุจุงุฒโูุง ูุฏู ุง ููุจุงู ู ูุทุงูุนู ฺฉุชุงุจ ูุง ูุตูุฑ, ูุฑุฒุด ู ูุนุงูุชโูุง ุจุฏู, ููุณู ฺฏูุด ุฏุงุฏู ุง ููุงุฎุชู ุณุงุฒ, ููุงุดุ ุทุฑุงุญ ุง ฺฉุงุฑูุง ููุฑ, ููู ู ุณุฑุงู ุฏุฏู",4,3,5,3,4,3,4,1,4,3,1,4,1,4,3,4,3,5,3,4,3,2,3,3,2,2,5,4,4,5,4,5,5,3,4,3,4,5,3,3,4,4,3,4,3,4,4,4,2,2,1,1,2,1,2,3,3,4,3,4,3,5,3,4,5,3,4,2,2,5,5,4,5,4,4,4,3,3,4,4,4,4,3,3,3,4,3,2,3,2,2,2,3,4,2,3,3,1,3,1,2,3
11/25/2025 13:45:28,ูุฐฺฉุฑ,17,ฺฉูุงุณ ุงุฒุฏูู,ุฒุฏ,ุจู 40 ุชุง 60 ูููู ุชููุงู,4,ฺฉุงุฑุดูุงุณ,ฺฉุงุฑุดูุงุณ ุงุฑุดุฏ,ุฏููุช,ููููู ุฏููุช ุง ุชุฒููุดุงู,ุนููู ุชุฌุฑุจ,ุจุงุฒุงุฑฺฉุงุฑ ู ุขูุฏู ุดุบู,ูุณุจุชุง,ูุณุจุชุง,ุจูู,ูฺ ุนูุงูู ุง ุจู ฺฉูุงุณ ุฏุฑุณ ูุฏุงุฑูโจ,ููููุช ูุงู ู ุฏุฑุขูุฏ ุจุงูุง,ุจูู,"ุจุงุฒโูุง ูุฏู ุง ููุจุงู ู ูุทุงูุนู ฺฉุชุงุจ ูุง ูุตูุฑ, ูุฑุฒุด ู ูุนุงูุชโูุง ุจุฏู, ููุณู ฺฏูุด ุฏุงุฏู ุง ููุงุฎุชู ุณุงุฒ, ุดุจฺฉูโูุง ุงุฌุชูุงุน ู ฺุช ุจุง ุฏูุณุชุงู",4,3,4,3,5,2,2,3,4,3,5,3,5,4,3,3,3,3,4,3,4,3,3,3,3,2,2,3,3,3,3,3,3,3,4,3,3,3,4,3,3,3,3,3,3,4,3,3,2,3,3,2,2,4,3,2,3,2,3,3,3,4,3,5,4,2,3,3,3,3,3,3,3,3,3,3,3,3,3,3,3,5,3,2,4,3,4,3,3,3,3,3,3,3,3,3,3,3,3,3,3,3